timestamp,participant_id,technique,gesture_set,pointer_type,height,distance,checkpoint_time,,,mistake_count,d_from_center,d_from_center_with_spike,arm_distance,arm_height,wrist_angle,personalization_type,curveCombo,combo_index
9/13/2022 15:15,12,WRIST_ARM,GS2,G,0,10.5,5.073921,,,2,0.3003471,0.3003471,0.4057751,-0.05590701,339.9555,W3,C3,1
9/13/2022 15:15,12,WRIST_ARM,GS2,G,0,10.5,3.021845,,,0,0.3003471,0.3003471,10.08777,-0.09433079,345.6395,W3,C3,2
9/13/2022 15:15,12,WRIST_ARM,GS2,G,5,7.5,4.888596,,,0,0.3246001,0.3811467,7.13272,-4.941247,323.0877,W3,C3,3
9/13/2022 15:15,12,WRIST_ARM,GS2,G,0,7.5,3.229884,,,0,0.3087445,0.3087445,7.105369,4.668907,16.15562,W3,C3,4
9/13/2022 15:15,12,WRIST_ARM,GS2,G,5,10.5,7.000581,,,0,0.2539437,0.2539437,10.16251,-4.933581,320.8662,W3,C3,5
9/13/2022 15:15,12,WRIST_ARM,GS2,G,0,7.5,3.398758,,,0,0.2848047,0.2848047,0.3467688,-0.3051164,19.10642,W3,C3,6
9/13/2022 15:15,12,WRIST_ARM,GS2,G,5,10.5,3.939329,,,0,0.2848047,0.2848047,0.3916624,0.06565285,321.3069,W3,C3,7
9/13/2022 15:15,12,WRIST_ARM,GS2,G,0,7.5,2.896909,,,0,0.3053654,0.3053654,7.069394,4.674386,17.12758,W3,C3,8
9/13/2022 15:15,12,WRIST_ARM,GS2,G,5,10.5,6.080521,,,0,0.2750137,0.2750137,10.13462,-4.952188,321.0897,W3,C3,9
9/13/2022 15:15,12,WRIST_ARM,GS2,G,0,10.5,3.066928,,,0,0.2519515,0.2519515,10.06969,4.733478,6.459356,W3,C3,10
9/13/2022 15:15,12,WRIST_ARM,GS2,G,0,10.5,2.960898,,,0,0.2914527,0.2914527,0.3917868,-0.09232533,336.1013,W3,C3,11
9/13/2022 15:15,12,WRIST_ARM,GS2,G,0,7.5,3.078442,,,0,0.250542,0.250542,7.086707,-0.2130678,353.2329,W3,C3,12
9/13/2022 15:15,12,WRIST_ARM,GS2,G,0,10.5,3.620926,,,0,0.2534909,2.337514,10.0316,-0.1219029,340.8977,W3,C3,13
9/13/2022 15:15,12,WRIST_ARM,GS2,G,5,10.5,4.496106,,,0,0.3275354,0.3275354,10.10544,-4.964201,322.1686,W3,C3,14
9/13/2022 15:16,12,WRIST_ARM,GS2,G,0,10.5,3.036358,,,0,0.3176712,0.3176712,10.18631,4.775413,359.061,W3,C3,15
9/13/2022 15:16,12,WRIST_ARM,GS2,G,5,10.5,3.92556,,,0,0.3176712,0.3176712,0.4421721,0.03288078,322.5596,W3,C3,16
9/13/2022 15:16,12,WRIST_ARM,GS2,G,0,7.5,2.533812,,,0,0.2876663,0.3325925,7.214999,4.714054,13.98207,W3,C3,17
9/13/2022 15:16,12,WRIST_ARM,GS2,G,0,7.5,2.645798,,,0,0.2876663,0.3325925,0.3708404,-0.1626515,350.2946,W3,C3,18
9/13/2022 15:16,12,WRIST_ARM,GS2,G,0,10.5,3.440161,,,0,0.2876663,0.3325925,10.13473,-0.08058619,338.9826,W3,C3,19
9/13/2022 15:16,12,WRIST_ARM,GS2,G,5,7.5,6.875497,,,2,0.3271017,0.3271017,7.018623,-4.968165,322.9552,W3,C3,20
9/13/2022 15:16,12,WRIST_ARM,GS2,G,0,7.5,3.020765,,,0,0.2716418,0.3336468,7.235537,4.721951,16.74159,W3,C3,21
9/13/2022 15:16,12,WRIST_ARM,GS2,G,0,10.5,4.204734,,,0,0.2949558,0.2949558,0.383651,-0.09973121,338.9845,W3,C3,22
9/13/2022 15:16,12,WRIST_ARM,GS2,G,0,7.5,2.381506,,,0,0.2484278,0.2484278,7.14828,-0.1359601,348.6266,W3,C3,23
9/13/2022 15:16,12,WRIST_ARM,GS2,G,5,7.5,6.335444,,,0,0.3184077,11.60383,0.4444784,-0.004010677,322.0094,W3,C3,24
9/13/2022 15:16,12,WRIST_ARM,GS2,G,0,10.5,2.784724,,,0,0.3316674,2.086055,0.3300814,-0.2220864,2.440642,W3,C3,25
9/13/2022 15:16,12,WRIST_ARM,GS2,G,0,7.5,4.078248,,,0,0.3316674,2.086055,0.3581055,-0.155885,349.4868,W3,C3,26
9/13/2022 15:16,12,WRIST_ARM,GS2,G,5,7.5,8.228365,,,0,0.3316674,2.086055,7.157651,-4.994799,317.8902,W3,C3,27
9/13/2022 15:16,12,WRIST_ARM,GS2,G,0,10.5,2.642859,,,0,0.2401782,0.2401782,10.1083,4.733043,2.645355,W3,C3,28
9/13/2022 15:16,12,WRIST_ARM,GS2,G,0,7.5,2.466957,,,0,0.2401782,0.2401782,7.173143,-0.1401888,342.6301,W3,C3,29
9/13/2022 15:17,12,WRIST_ARM,GS2,G,5,7.5,12.23732,,,2,0.2401782,0.2401782,7.040854,-4.979959,322.9062,W3,C3,30
9/13/2022 15:18,12,WRIST_ARM,GS2,G,0,10.5,3.829875,,,4,0.3220565,0.3220565,0.390487,-0.1123073,342.5021,W3,C3,1
9/13/2022 15:18,12,WRIST_ARM,GS2,G,5,10.5,4.929101,,,0,0.3220565,0.3220565,10.03098,-4.97788,319.1563,W3,C3,2
9/13/2022 15:18,12,WRIST_ARM,GS2,G,0,10.5,3.448444,,,0,0.2888292,0.2888292,10.17097,4.772073,357.5022,W3,C3,3
9/13/2022 15:18,12,WRIST_ARM,GS2,G,5,7.5,4.458496,,,0,0.2925519,0.2925519,6.996495,-5.002011,320.9266,W3,C3,4
9/13/2022 15:18,12,WRIST_ARM,GS2,G,0,7.5,3.9785,,,0,0.2925519,0.2925519,7.217994,4.698421,8.95838,W3,C3,5
9/13/2022 15:18,12,WRIST_ARM,GS2,G,5,10.5,3.884767,,,0,0.3942757,11.95588,0.4792238,0.01159334,325.802,W3,C3,6
9/13/2022 15:18,12,WRIST_ARM,GS2,G,0,7.5,3.620182,,,0,0.3942757,11.95588,7.237105,4.668994,13.4121,W3,C3,7
9/13/2022 15:18,12,WRIST_ARM,GS2,G,0,7.5,3.439088,,,0,0.2766318,0.3565572,7.063255,-0.2242401,356.9505,W3,C3,8
9/13/2022 15:18,12,WRIST_ARM,GS2,G,0,10.5,4.735466,,,0,0.2618669,0.39481,10.10878,-0.1155331,342.6082,W3,C3,9
9/13/2022 15:18,12,WRIST_ARM,GS2,G,0,10.5,3.96646,,,1,0.2618669,0.39481,0.4216838,-0.136153,344.2752,W3,C3,10
9/13/2022 15:18,12,WRIST_ARM,GS2,G,0,7.5,3.551183,,,0,0.2618669,0.39481,7.14787,-0.183429,350.6802,W3,C3,11
9/13/2022 15:18,12,WRIST_ARM,GS2,G,5,10.5,3.868757,,,0,0.2618669,0.39481,0.482405,0.03069544,328.0624,W3,C3,12
9/13/2022 15:18,12,WRIST_ARM,GS2,G,0,10.5,3.301422,,,0,0.2618669,0.39481,10.19066,4.74649,3.718912,W3,C3,13
9/13/2022 15:18,12,WRIST_ARM,GS2,G,0,7.5,2.797522,,,0,0.3381878,0.3381878,6.99779,-0.2076849,355.8536,W3,C3,14
9/13/2022 15:19,12,WRIST_ARM,GS2,G,0,10.5,3.55196,,,0,0.3200957,0.3200957,10.05692,-0.1285164,347.2895,W3,C3,15
9/13/2022 15:19,12,WRIST_ARM,GS2,G,0,10.5,4.564746,,,1,0.3358178,3.534998,10.01831,-0.1612835,348.3274,W3,C3,16
9/13/2022 15:19,12,WRIST_ARM,GS2,G,5,10.5,3.483194,,,0,0.3358178,3.534998,0.4455051,0.04088926,328.5098,W3,C3,17
9/13/2022 15:19,12,WRIST_ARM,GS2,G,0,10.5,3.894832,,,1,0.2513178,0.2513178,10.05058,4.722583,3.317157,W3,C3,18
9/13/2022 15:19,12,WRIST_ARM,GS2,G,5,10.5,3.386441,,,0,0.2848921,12.38937,0.4951519,0.04852295,329.0331,W3,C3,19
9/13/2022 15:19,12,WRIST_ARM,GS2,G,0,7.5,3.839161,,,0,0.3692193,0.3692193,7.098289,4.651796,18.08242,W3,C3,20
9/13/2022 15:19,12,WRIST_ARM,GS2,G,5,7.5,6.712602,,,1,0.2558756,0.2558756,7.103861,-4.960749,323.194,W3,C3,21
9/13/2022 15:19,12,WRIST_ARM,GS2,G,0,7.5,2.169568,,,0,0.2660547,0.2660547,7.1564,4.662779,13.7882,W3,C3,22
9/13/2022 15:19,12,WRIST_ARM,GS2,G,0,7.5,3.272963,,,0,0.3077845,0.3077845,7.156658,-0.1672544,349.6156,W3,C3,23
9/13/2022 15:19,12,WRIST_ARM,GS2,G,0,7.5,3.007271,,,0,0.2618655,3.127795,0.3815651,-0.2025428,352.8547,W3,C3,24
9/13/2022 15:19,12,WRIST_ARM,GS2,G,5,7.5,3.133402,,,0,0.2618655,3.127795,7.086407,-4.989075,324.2645,W3,C3,25
9/13/2022 15:19,12,WRIST_ARM,GS2,G,0,7.5,3.465002,,,0,0.2505644,0.4131345,0.3201757,-0.3476803,15.13125,W3,C3,26
9/13/2022 15:19,12,WRIST_ARM,GS2,G,0,10.5,5.140119,,,2,0.3860931,0.3860931,0.3960765,-0.08695829,340.7438,W3,C3,27
9/13/2022 15:19,12,WRIST_ARM,GS2,G,5,7.5,5.358446,,,1,0.3860931,0.3860931,0.454809,0.000645161,322.4579,W3,C3,28
9/13/2022 15:19,12,WRIST_ARM,GS2,G,0,10.5,3.077601,,,0,0.3860931,0.3860931,10.18378,4.745335,0.3929114,W3,C3,29
9/13/2022 15:20,12,WRIST_ARM,GS2,G,5,7.5,5.484921,,,0,0.2270406,0.2270406,0.4641219,-0.02024794,322.9835,W3,C3,30
9/13/2022 15:28,12,WRIST_ARM,GS2,G,0,7.5,2.432457,,,3,0.2715718,0.3370324,7.169029,-0.1971055,348.5461,W3,C0,1
9/13/2022 15:28,12,WRIST_ARM,GS2,G,5,10.5,4.345429,,,1,0.2827135,0.2827135,9.979652,-4.978591,326.1587,W3,C0,2
9/13/2022 15:28,12,WRIST_ARM,GS2,G,0,10.5,2.660528,,,0,0.2800283,0.2768578,10.18827,4.748141,359.4236,W3,C0,3
9/13/2022 15:28,12,WRIST_ARM,GS2,G,0,10.5,2.715572,,,0,0.2800283,0.2768578,10.05213,-0.1689746,343.6619,W3,C0,4
9/13/2022 15:28,12,WRIST_ARM,GS2,G,5,10.5,4.019631,,,0,0.2800283,0.2768578,10.10339,-4.979476,322.799,W3,C0,5
9/13/2022 15:28,12,WRIST_ARM,GS2,G,0,7.5,3.745579,,,0,0.3470044,0.3470044,0.3351631,-0.3083305,16.22015,W3,C0,6
9/13/2022 15:28,12,WRIST_ARM,GS2,G,5,7.5,6.393457,,,1,0.3470044,0.3470044,7.186837,-5.020122,317.1285,W3,C0,7
9/13/2022 15:28,12,WRIST_ARM,GS2,G,0,10.5,3.215383,,,0,0.2896191,0.2896191,10.13596,4.751189,354.0099,W3,C0,8
9/13/2022 15:28,12,WRIST_ARM,GS2,G,0,10.5,2.350584,,,0,0.2896191,0.2896191,10.09474,-0.1276717,338.3831,W3,C0,9
9/13/2022 15:28,12,WRIST_ARM,GS2,G,5,10.5,4.861075,,,0,0.3138269,0.3138269,0.4796782,0.01222658,324.8084,W3,C0,10
9/13/2022 15:28,12,WRIST_ARM,GS2,G,0,7.5,3.033629,,,0,0.3138269,0.3138269,7.179722,4.647019,9.545232,W3,C0,11
9/13/2022 15:28,12,WRIST_ARM,GS2,G,5,10.5,5.945929,,,1,0.354586,10.69414,0.4643959,0.004641533,326.1208,W3,C0,12
9/13/2022 15:29,12,WRIST_ARM,GS2,G,0,7.5,4.53956,,,0,0.354586,10.69414,7.191801,4.714935,359.4965,W3,C0,13
9/13/2022 15:29,12,WRIST_ARM,GS2,G,0,7.5,3.716563,,,0,0.354586,10.69414,7.081805,-0.2052146,351.2232,W3,C0,14
9/13/2022 15:29,12,WRIST_ARM,GS2,G,0,7.5,1.824964,,,0,0.354586,10.69414,0.3563603,-0.1921109,350.9671,W3,C0,15
9/13/2022 15:29,12,WRIST_ARM,GS2,G,0,7.5,2.879565,,,1,0.2802257,0.2802257,7.099176,-0.2086687,351.2018,W3,C0,16
9/13/2022 15:29,12,WRIST_ARM,GS2,G,5,7.5,2.968712,,,0,0.2802257,0.2802257,7.120342,-4.97318,321.2166,W3,C0,17
9/13/2022 15:29,12,WRIST_ARM,GS2,G,0,10.5,3.170738,,,0,0.3079456,0.3079456,10.07342,4.70361,1.412893,W3,C0,18
9/13/2022 15:29,12,WRIST_ARM,GS2,G,0,10.5,3.232598,,,0,0.2596369,0.2881326,10.08615,-0.1426193,341.5389,W3,C0,19
9/13/2022 15:29,12,WRIST_ARM,GS2,G,5,7.5,2.294174,,,0,0.3333539,0.3333539,7.035043,-5.017566,320.3896,W3,C0,20
9/13/2022 15:29,12,WRIST_ARM,GS2,G,0,10.5,2.953346,,,0,0.3143178,2.498248,10.22316,4.726021,359.2883,W3,C0,21
9/13/2022 15:29,12,WRIST_ARM,GS2,G,0,7.5,3.633196,,,1,0.3143178,2.498248,7.025968,-0.2305278,352.1434,W3,C0,22
9/13/2022 15:29,12,WRIST_ARM,GS2,G,0,7.5,1.964575,,,0,0.3143178,2.498248,0.3506676,-0.2118038,350.8129,W3,C0,23
9/13/2022 15:29,12,WRIST_ARM,GS2,G,5,7.5,4.539117,,,0,0.2331511,0.2331511,0.4776524,-0.008664131,325.5842,W3,C0,24
9/13/2022 15:29,12,WRIST_ARM,GS2,G,0,10.5,3.229901,,,0,0.2331511,0.2331511,10.16969,4.747483,353.9933,W3,C0,25
9/13/2022 15:29,12,WRIST_ARM,GS2,G,0,10.5,4.202062,,,1,0.2568178,0.2568178,10.06585,-0.1863694,347.708,W3,C0,26
9/13/2022 15:29,12,WRIST_ARM,GS2,G,5,7.5,3.470198,,,0,0.3335262,0.3335262,7.09651,-5.003688,322.4727,W3,C0,27
9/13/2022 15:29,12,WRIST_ARM,GS2,G,0,10.5,3.756999,,,0,0.3335262,0.3335262,0.3646309,-0.3102536,2.855216,W3,C0,28
9/13/2022 15:29,12,WRIST_ARM,GS2,G,0,7.5,2.660265,,,0,0.3335262,0.3335262,7.15692,-0.2192185,348.5786,W3,C0,29
9/13/2022 15:30,12,WRIST_ARM,GS2,G,5,10.5,9.368904,,,4,0.3563559,0.3563559,9.999556,-4.991625,324.7793,W3,C0,30
9/13/2022 15:30,12,WRIST_ARM,GS2,G,0,10.5,2.560378,,,5,0.3563559,0.3563559,10.14412,-0.1427804,340.8332,W3,C0,1
9/13/2022 15:30,12,WRIST_ARM,GS2,G,5,10.5,3.69202,,,0,0.2704136,0.2704136,10.01149,-5.00003,322.5343,W3,C0,2
9/13/2022 15:30,12,WRIST_ARM,GS2,G,0,7.5,2.182238,,,0,0.3649465,0.3649465,7.22743,4.675581,4.128319,W3,C0,3
9/13/2022 15:31,12,WRIST_ARM,GS2,G,0,7.5,2.34168,,,0,0.2831976,0.2831976,7.101856,-0.2407967,349.4286,W3,C0,4
9/13/2022 15:31,12,WRIST_ARM,GS2,G,0,7.5,2.36501,,,0,0.2831976,0.2831976,0.3494327,-0.2071962,349.101,W3,C0,5
9/13/2022 15:31,12,WRIST_ARM,GS2,G,5,10.5,3.481538,,,0,0.2532859,0.2532859,0.4727096,-0.02254772,319.925,W3,C0,6
9/13/2022 15:31,12,WRIST_ARM,GS2,G,0,7.5,2.993225,,,0,0.2532859,0.2532859,7.237694,4.684534,3.301157,W3,C0,7
9/13/2022 15:31,12,WRIST_ARM,GS2,G,5,7.5,4.845309,,,0,0.4004478,0.4004478,7.081817,-4.999761,322.7144,W3,C0,8
9/13/2022 15:31,12,WRIST_ARM,GS2,G,0,7.5,2.562593,,,0,0.4004478,0.4004478,7.244473,4.733214,358.8605,W3,C0,9
9/13/2022 15:31,12,WRIST_ARM,GS2,G,5,10.5,6.500454,,,0,0.2356794,0.2356794,10.02828,-4.982858,323.2799,W3,C0,10
9/13/2022 15:31,12,WRIST_ARM,GS2,G,0,10.5,3.315211,,,0,0.206196,0.206196,10.1663,4.842831,340.5667,W3,C0,11
9/13/2022 15:31,12,WRIST_ARM,GS2,G,0,7.5,3.743155,,,0,0.3058327,0.3058327,0.3877184,-0.2246853,351.361,W3,C0,12
9/13/2022 15:31,12,WRIST_ARM,GS2,G,0,7.5,2.675853,,,0,0.2402042,2.51965,7.178275,-0.188087,342.8758,W3,C0,13
9/13/2022 15:31,12,WRIST_ARM,GS2,G,5,7.5,3.937754,,,0,0.2402042,2.51965,7.05141,-5.031082,321.9324,W3,C0,14
9/13/2022 15:31,12,WRIST_ARM,GS2,G,0,10.5,1.825552,,,0,0.2896442,0.2896442,10.22728,4.738673,352.5799,W3,C0,15
9/13/2022 15:31,12,WRIST_ARM,GS2,G,0,7.5,2.239895,,,0,0.3341531,0.3341531,7.097081,-0.2192622,347.7302,W3,C0,16
9/13/2022 15:31,12,WRIST_ARM,GS2,G,0,10.5,2.814615,,,0,0.2461247,0.2461247,10.15345,-0.1079192,332.1828,W3,C0,17
9/13/2022 15:31,12,WRIST_ARM,GS2,G,0,10.5,3.64507,,,0,0.3566048,2.726375,10.14388,-0.1609507,340.9804,W3,C0,18
9/13/2022 15:31,12,WRIST_ARM,GS2,G,0,10.5,2.214243,,,0,0.3408697,2.386008,10.10289,-0.1311587,337.2961,W3,C0,19
9/13/2022 15:31,12,WRIST_ARM,GS2,G,0,10.5,2.366319,,,0,0.3408697,2.386008,0.4014658,-0.1709837,340.8105,W3,C0,20
9/13/2022 15:31,12,WRIST_ARM,GS2,G,5,10.5,4.179654,,,0,0.2498726,11.8103,0.4837132,0.007657051,328.1955,W3,C0,21
9/13/2022 15:32,12,WRIST_ARM,GS2,G,0,7.5,3.64434,,,0,0.3206135,0.3206135,0.3161717,-0.3348,13.99816,W3,C0,22
9/13/2022 15:32,12,WRIST_ARM,GS2,G,5,7.5,3.858063,,,0,0.3061475,10.28919,7.134071,-4.990604,320.8369,W3,C0,23
9/13/2022 15:32,12,WRIST_ARM,GS2,G,0,10.5,5.261603,,,2,0.3656969,0.2682803,10.10245,4.722186,0.1410999,W3,C0,24
9/13/2022 15:32,12,WRIST_ARM,GS2,G,5,7.5,2.577765,,,0,0.3656969,0.2682803,0.4459302,-0.003878593,322.8564,W3,C0,25
9/13/2022 15:32,12,WRIST_ARM,GS2,G,0,7.5,3.661452,,,0,0.2935126,0.2935126,7.122712,4.634876,16.94996,W3,C0,26
9/13/2022 15:32,12,WRIST_ARM,GS2,G,5,10.5,4.038132,,,0,0.3857184,0.3857184,10.06527,-4.977633,323.0788,W3,C0,27
9/13/2022 15:32,12,WRIST_ARM,GS2,G,0,10.5,2.934075,,,0,0.2526504,0.2230099,10.04825,4.703147,1.08135,W3,C0,28
9/13/2022 15:32,12,WRIST_ARM,GS2,G,0,10.5,2.647456,,,0,0.2526504,0.2230099,10.10262,-0.1963081,347.878,W3,C0,29
9/13/2022 15:32,12,WRIST_ARM,GS2,G,5,7.5,3.758414,,,0,0.2957847,0.2957847,0.4724415,-0.01515913,325.053,W3,C0,30
9/13/2022 15:38,12,WRIST_ARM,GS2,G,0,7.5,1.783084,,,1,0.2380277,0.2380277,7.163582,-0.2317007,353.9405,W3,C4,1
9/13/2022 15:38,12,WRIST_ARM,GS2,G,0,7.5,4.704356,,,1,0.2895626,0.2895626,7.029251,-0.2751631,356.4256,W3,C4,2
9/13/2022 15:38,12,WRIST_ARM,GS2,G,0,10.5,2.479289,,,0,0.2284914,2.544286,10.08548,-0.1759346,347.2192,W3,C4,3
9/13/2022 15:38,12,WRIST_ARM,GS2,G,5,7.5,2.212066,,,0,0.2973882,0.2973882,7.025476,-5.028085,327.6237,W3,C4,4
9/13/2022 15:38,12,WRIST_ARM,GS2,G,0,7.5,2.366118,,,0,0.292778,0.292778,7.172389,4.631078,15.85589,W3,C4,5
9/13/2022 15:38,12,WRIST_ARM,GS2,G,5,10.5,4.778328,,,1,0.292778,0.292778,9.993053,-4.988731,324.7602,W3,C4,6
9/13/2022 15:38,12,WRIST_ARM,GS2,G,0,10.5,2.516248,,,0,0.292778,0.292778,10.1485,4.725955,2.957024,W3,C4,7
9/13/2022 15:38,12,WRIST_ARM,GS2,G,0,7.5,4.220458,,,1,0.3011558,0.2842767,7.016924,-0.2693294,356.4055,W3,C4,8
9/13/2022 15:38,12,WRIST_ARM,GS2,G,5,7.5,3.383692,,,0,0.3011558,0.2842767,0.4414348,0.004096508,323.7471,W3,C4,9
9/13/2022 15:38,12,WRIST_ARM,GS2,G,0,10.5,3.092257,,,0,0.3257846,0.3257846,10.05937,4.644722,8.505135,W3,C4,10
9/13/2022 15:38,12,WRIST_ARM,GS2,G,0,10.5,2.629223,,,0,0.3145155,2.786322,0.420986,-0.2013364,347.5641,W3,C4,11
9/13/2022 15:38,12,WRIST_ARM,GS2,G,0,10.5,2.938159,,,0,0.3145155,2.786322,10.0168,-0.2169182,350.8952,W3,C4,12
9/13/2022 15:38,12,WRIST_ARM,GS2,G,5,7.5,3.523315,,,0,0.2901843,11.6703,7.100842,-5.046422,323.6129,W3,C4,13
9/13/2022 15:39,12,WRIST_ARM,GS2,G,0,7.5,3.018898,,,0,0.3004671,0.3004671,0.3809094,-0.4077063,20.02172,W3,C4,14
9/13/2022 15:39,12,WRIST_ARM,GS2,G,0,10.5,2.841658,,,0,0.3044662,2.361166,10.09007,-0.1859219,345.1647,W3,C4,15
9/13/2022 15:39,12,WRIST_ARM,GS2,G,5,10.5,5.957535,,,0,0.3157296,0.3157296,0.4823855,0.004049301,324.3049,W3,C4,16
9/13/2022 15:39,12,WRIST_ARM,GS2,G,0,10.5,4.384478,,,1,0.248394,2.202542,10.17971,4.675157,3.755458,W3,C4,17
9/13/2022 15:39,12,WRIST_ARM,GS2,G,0,7.5,2.214063,,,0,0.248394,2.202542,0.4075947,-0.2928435,0.5955383,W3,C4,18
9/13/2022 15:39,12,WRIST_ARM,GS2,G,0,7.5,2.79991,,,0,0.231817,0.231817,7.125674,-0.2430286,353.5835,W3,C4,19
9/13/2022 15:39,12,WRIST_ARM,GS2,G,0,10.5,2.880316,,,0,0.231817,0.231817,10.05561,-0.2434096,353.0941,W3,C4,20
9/13/2022 15:39,12,WRIST_ARM,GS2,G,5,10.5,2.577576,,,0,0.231817,0.231817,10.04557,-5.004916,326.1653,W3,C4,21
9/13/2022 15:39,12,WRIST_ARM,GS2,G,0,10.5,2.880412,,,1,0.2404862,0.2404862,10.09,4.635846,6.801856,W3,C4,22
9/13/2022 15:39,12,WRIST_ARM,GS2,G,5,10.5,4.596536,,,0,0.3980374,10.03654,10.0657,-5.003495,321.9565,W3,C4,23
9/13/2022 15:39,12,WRIST_ARM,GS2,G,0,7.5,3.089527,,,0,0.3038068,0.3038068,0.3514295,-0.4318476,18.15225,W3,C4,24
9/13/2022 15:39,12,WRIST_ARM,GS2,G,5,7.5,1.937557,,,0,0.3038068,0.3038068,0.4663123,-0.02838802,325.706,W3,C4,25
9/13/2022 15:39,12,WRIST_ARM,GS2,G,0,10.5,2.823744,,,0,0.248634,0.2396883,10.11336,4.634756,6.231615,W3,C4,26
9/13/2022 15:39,12,WRIST_ARM,GS2,G,0,7.5,6.406681,,,0,0.2972574,0.2972574,7.077537,-0.248976,354.9991,W3,C4,27
9/13/2022 15:39,12,WRIST_ARM,GS2,G,5,10.5,3.40923,,,0,0.2972574,0.2972574,9.923691,-5.03996,325.5597,W3,C4,28
9/13/2022 15:39,12,WRIST_ARM,GS2,G,0,7.5,2.603726,,,0,0.1988066,0.4148563,7.151718,4.609964,16.09775,W3,C4,29
9/13/2022 15:39,12,WRIST_ARM,GS2,G,5,7.5,4.012509,,,1,0.2512276,0.2512276,7.030421,-5.037161,323.1603,W3,C4,30
9/13/2022 15:40,12,WRIST_ARM,GS2,G,0,10.5,3.10331,,,2,0.3134577,0.3134577,0.4096883,-0.1874993,342.8931,W3,C4,1
9/13/2022 15:40,12,WRIST_ARM,GS2,G,5,7.5,3.535184,,,1,0.3134577,0.3134577,7.041419,-5.053213,321.5594,W3,C4,2
9/13/2022 15:40,12,WRIST_ARM,GS2,G,0,7.5,2.533947,,,0,0.2806079,0.2806079,7.140764,4.619048,12.01125,W3,C4,3
9/13/2022 15:40,12,WRIST_ARM,GS2,G,0,10.5,3.981613,,,0,0.2806079,0.2806079,10.03811,-0.2438997,348.5995,W3,C4,4
9/13/2022 15:41,12,WRIST_ARM,GS2,G,0,7.5,2.143028,,,0,0.2592496,0.2592496,7.078377,-0.2487357,350.5495,W3,C4,5
9/13/2022 15:41,12,WRIST_ARM,GS2,G,5,7.5,3.815092,,,0,0.2592496,0.2592496,7.013406,-5.046029,324.2346,W3,C4,6
9/13/2022 15:41,12,WRIST_ARM,GS2,G,0,7.5,2.742529,,,0,0.2499831,2.056222,7.183496,4.604613,12.30913,W3,C4,7
9/13/2022 15:41,12,WRIST_ARM,GS2,G,0,7.5,2.367331,,,0,0.2506379,0.2506379,7.094661,-0.2715772,353.2739,W3,C4,8
9/13/2022 15:41,12,WRIST_ARM,GS2,G,5,7.5,8.578928,,,0,0.2489697,13.15957,7.013836,-4.988482,326.9283,W3,C4,9
9/13/2022 15:41,12,WRIST_ARM,GS2,G,0,7.5,3.771615,,,0,0.2690859,0.2690859,7.123071,4.625019,19.45669,W3,C4,10
9/13/2022 15:41,12,WRIST_ARM,GS2,G,0,7.5,2.350404,,,0,0.3120621,0.3120621,0.3957007,-0.2279227,354.071,W3,C4,11
9/13/2022 15:41,12,WRIST_ARM,GS2,G,5,7.5,2.952359,,,0,0.3176322,0.3176322,7.03266,-5.034384,325.0993,W3,C4,12
9/13/2022 15:41,12,WRIST_ARM,GS2,G,0,7.5,2.046223,,,0,0.3176322,0.3176322,7.2108,4.622727,13.66749,W3,C4,13
9/13/2022 15:41,12,WRIST_ARM,GS2,G,0,10.5,5.068604,,,0,0.3176322,0.3176322,10.01912,-0.2053401,347.907,W3,C4,14
9/13/2022 15:41,12,WRIST_ARM,GS2,G,5,10.5,4.442935,,,0,0.2495905,0.2495905,9.968085,-4.997155,325.5437,W3,C4,15
9/13/2022 15:41,12,WRIST_ARM,GS2,G,0,10.5,3.367658,,,1,0.2858725,0.3507938,0.4070876,-0.3811071,9.43044,W3,C4,16
9/13/2022 15:41,12,WRIST_ARM,GS2,G,0,10.5,1.699763,,,0,0.2711977,0.3162204,10.03769,-0.2120724,349.5809,W3,C4,17
9/13/2022 15:41,12,WRIST_ARM,GS2,G,0,7.5,3.382282,,,0,0.2041021,0.2041021,0.4697845,-0.2646775,358.5209,W3,C4,18
9/13/2022 15:41,12,WRIST_ARM,GS2,G,5,10.5,4.220213,,,1,0.2041021,0.2041021,10.00945,-4.989867,328.3369,W3,C4,19
9/13/2022 15:41,12,WRIST_ARM,GS2,G,0,10.5,2.28039,,,0,0.2041021,0.2041021,10.09569,4.62403,10.29083,W3,C4,20
9/13/2022 15:41,12,WRIST_ARM,GS2,G,5,7.5,2.438575,,,0,0.2787374,0.2787374,0.4850624,-0.01349258,323.6955,W3,C4,21
9/13/2022 15:41,12,WRIST_ARM,GS2,G,0,7.5,2.837877,,,0,0.2319255,0.2319255,7.118819,4.596497,23.12309,W3,C4,22
9/13/2022 15:42,12,WRIST_ARM,GS2,G,0,7.5,2.94001,,,0,0.2319255,0.2319255,0.422725,-0.2376274,356.1311,W3,C4,23
9/13/2022 15:42,12,WRIST_ARM,GS2,G,0,10.5,2.739814,,,0,0.2898882,0.2898882,0.4809743,-0.2405925,353.2863,W3,C4,24
9/13/2022 15:42,12,WRIST_ARM,GS2,G,5,10.5,3.409807,,,0,0.3664749,0.3522958,10.03099,-5.016103,323.9845,W3,C4,25
9/13/2022 15:42,12,WRIST_ARM,GS2,G,0,10.5,2.493086,,,0,0.2224365,0.2224365,0.4164457,-0.3785326,8.857931,W3,C4,26
9/13/2022 15:42,12,WRIST_ARM,GS2,G,0,10.5,2.258356,,,0,0.2623726,0.2623726,0.4206387,-0.2019942,344.5963,W3,C4,27
9/13/2022 15:42,12,WRIST_ARM,GS2,G,5,10.5,2.74136,,,0,0.2710625,0.2710625,9.950794,-5.047642,327.4438,W3,C4,28
9/13/2022 15:42,12,WRIST_ARM,GS2,G,0,10.5,3.147873,,,1,0.1866619,0.2702149,10.08099,4.724237,356.8848,W3,C4,29
9/13/2022 15:42,12,WRIST_ARM,GS2,G,5,10.5,3.953244,,,0,0.1866619,0.2702149,0.4923531,0.008933067,325.7957,W3,C4,30
9/13/2022 15:47,12,WRIST_ARM,GS2,G,0,7.5,2.51709,,,2,0.3486567,0.3486567,7.17589,-0.1837621,346.5553,W3,C1,1
9/13/2022 15:47,12,WRIST_ARM,GS2,G,5,10.5,1.858043667,,,1,0.3486567,0.3486567,9.993928,-5.009601,324.8101,W3,C1,2
9/13/2022 15:47,12,WRIST_ARM,GS2,G,0,10.5,1.905274,,,0,0.2552509,2.450938,10.14618,4.722296,0.2504143,W3,C1,3
9/13/2022 15:47,12,WRIST_ARM,GS2,G,5,10.5,2.883038,,,1,0.2552509,2.450938,9.973094,-4.997197,325.8944,W3,C1,4
9/13/2022 15:47,12,WRIST_ARM,GS2,G,0,10.5,1.611631667,,,0,0.2552509,2.450938,10.11531,4.715032,3.966523,W3,C1,5
9/13/2022 15:47,12,WRIST_ARM,GS2,G,0,10.5,2.242601667,,,0,0.2552509,2.450938,10.05012,-0.2070708,350.7866,W3,C1,6
9/13/2022 15:47,12,WRIST_ARM,GS2,G,5,10.5,1.573659,,,0,0.2414464,12.48964,10.04754,-4.970304,328.1141,W3,C1,7
9/13/2022 15:47,12,WRIST_ARM,GS2,G,0,7.5,2.283162,,,0,0.2778697,0.2553335,7.122097,4.624801,16.21908,W3,C1,8
9/13/2022 15:47,12,WRIST_ARM,GS2,G,5,10.5,3.347566,,,1,0.2868831,0.2868831,10.05135,-4.983562,327.3931,W3,C1,9
9/13/2022 15:47,12,WRIST_ARM,GS2,G,0,10.5,1.536263333,,,0,0.2868831,0.2868831,0.3921447,-0.3379703,8.854473,W3,C1,10
9/13/2022 15:47,12,WRIST_ARM,GS2,G,0,7.5,2.390999,,,0,0.2588999,0.2588999,7.137349,-0.2225569,354.3181,W3,C1,11
9/13/2022 15:47,12,WRIST_ARM,GS2,G,0,7.5,3.327785,,,0,0.2588999,0.2588999,0.4465539,-0.2396024,357.081,W3,C1,12
9/13/2022 15:47,12,WRIST_ARM,GS2,G,0,7.5,2.158959,,,0,0.2470785,0.2470785,0.3928036,-0.2100322,351.3962,W3,C1,13
9/13/2022 15:48,12,WRIST_ARM,GS2,G,0,10.5,1.394371,,,1,0.2518055,0.2518055,9.996945,-0.2097034,348.3185,W3,C1,14
9/13/2022 15:48,12,WRIST_ARM,GS2,G,5,10.5,2.827373,,,0,0.2721003,0.3533776,10.05035,-4.99896,327.0867,W3,C1,15
9/13/2022 15:48,12,WRIST_ARM,GS2,G,0,10.5,2.712891,,,0,0.2516417,0.2868508,10.06981,4.651449,7.931148,W3,C1,16
9/13/2022 15:48,12,WRIST_ARM,GS2,G,0,10.5,2.385579,,,0,0.3558141,0.3558141,0.4188084,-0.1715118,346.1719,W3,C1,17
9/13/2022 15:48,12,WRIST_ARM,GS2,G,0,7.5,2.32064,,,0,0.2546268,0.3612765,7.054691,-0.2364769,353.6646,W3,C1,18
9/13/2022 15:48,12,WRIST_ARM,GS2,G,0,10.5,2.477526,,,0,0.2546268,0.3612765,10.0568,-0.1768228,349.227,W3,C1,19
9/13/2022 15:48,12,WRIST_ARM,GS2,G,5,7.5,1.956791333,,,0,0.2722579,14.2683,0.4892021,-0.008477688,326.5309,W3,C1,20
9/13/2022 15:48,12,WRIST_ARM,GS2,G,0,7.5,2.227832,,,0,0.2452778,0.2452778,7.202869,4.641556,17.08297,W3,C1,21
9/13/2022 15:48,12,WRIST_ARM,GS2,G,5,7.5,2.91081,,,0,0.2452778,0.2452778,0.4434194,0.0131321,322.7005,W3,C1,22
9/13/2022 15:48,12,WRIST_ARM,GS2,G,0,7.5,2.479742,,,0,0.2452778,0.2452778,0.3179828,-0.3320944,13.56304,W3,C1,23
9/13/2022 15:48,12,WRIST_ARM,GS2,G,0,7.5,3.575492,,,0,0.2591324,0.2925346,7.028144,-0.2469178,357.4519,W3,C1,24
9/13/2022 15:48,12,WRIST_ARM,GS2,G,0,7.5,2.355318,,,0,0.2591324,0.2925346,7.121933,-0.2089992,351.1627,W3,C1,25
9/13/2022 15:48,12,WRIST_ARM,GS2,G,5,7.5,2.895008667,,,2,0.2337372,0.2337372,7.003119,-5.004854,324.4386,W3,C1,26
9/13/2022 15:48,12,WRIST_ARM,GS2,G,0,10.5,2.047493667,,,0,0.3629075,2.103451,10.17151,4.741199,358.1675,W3,C1,27
9/13/2022 15:48,12,WRIST_ARM,GS2,G,5,7.5,2.254322,,,0,0.3015568,0.3015568,7.077176,-4.991509,326.095,W3,C1,28
9/13/2022 15:48,12,WRIST_ARM,GS2,G,0,10.5,2.883637,,,0,0.3124963,2.046304,10.18063,4.734823,0.3779342,W3,C1,29
9/13/2022 15:48,12,WRIST_ARM,GS2,G,5,7.5,2.603391,,,0,0.3124963,2.046304,0.4642026,0.00087595,322.9063,W3,C1,30
9/13/2022 15:49,12,WRIST_ARM,GS2,G,0,10.5,2.46322,,,1,0.3295116,0.2909974,0.4090598,-0.1662742,344.3173,W3,C1,1
9/13/2022 15:49,12,WRIST_ARM,GS2,G,5,7.5,2.467707333,,,1,0.3295116,0.2909974,7.044573,-5.030197,322.3137,W3,C1,2
9/13/2022 15:49,12,WRIST_ARM,GS2,G,0,7.5,2.883461,,,0,0.3295116,0.2909974,0.2927712,-0.3173789,8.425041,W3,C1,3
9/13/2022 15:49,12,WRIST_ARM,GS2,G,0,10.5,2.659599,,,0,0.3295116,0.2909974,0.4516848,-0.1877552,347.9875,W3,C1,4
9/13/2022 15:50,12,WRIST_ARM,GS2,G,0,7.5,1.82243,,,0,0.3286325,0.3286325,0.3750943,-0.2019726,351.5607,W3,C1,5
9/13/2022 15:50,12,WRIST_ARM,GS2,G,0,7.5,2.617083,,,0,0.2453017,0.2453017,7.024319,-0.2448,357.0765,W3,C1,6
9/13/2022 15:50,12,WRIST_ARM,GS2,G,5,10.5,3.262838,,,0,0.2453017,0.2453017,10.01231,-4.983918,324.899,W3,C1,7
9/13/2022 15:50,12,WRIST_ARM,GS2,G,0,7.5,3.258061,,,0,0.3153378,0.3153378,7.064456,4.617188,19.66039,W3,C1,8
9/13/2022 15:50,12,WRIST_ARM,GS2,G,5,7.5,2.935414,,,0,0.3153378,0.3153378,7.091013,-5.002425,323.7849,W3,C1,9
9/13/2022 15:50,12,WRIST_ARM,GS2,G,0,10.5,2.571555667,,,0,0.3153378,0.3153378,0.406827,-0.3293178,8.587046,W3,C1,10
9/13/2022 15:50,12,WRIST_ARM,GS2,G,5,7.5,2.398547,,,0,0.3681991,12.12303,0.4572942,-0.007239342,325.3119,W3,C1,11
9/13/2022 15:50,12,WRIST_ARM,GS2,G,0,7.5,3.020145,,,0,0.3681991,12.12303,0.3506437,-0.4140395,19.05837,W3,C1,12
9/13/2022 15:50,12,WRIST_ARM,GS2,G,0,7.5,2.060071,,,0,0.3850497,0.3805734,7.140919,-0.2421669,353.4434,W3,C1,13
9/13/2022 15:50,12,WRIST_ARM,GS2,G,5,10.5,3.273255333,,,0,0.3850497,0.3805734,9.96415,-4.993726,328.0184,W3,C1,14
9/13/2022 15:50,12,WRIST_ARM,GS2,G,0,7.5,3.579582,,,0,0.3272364,0.3272364,7.238834,4.628042,10.24532,W3,C1,15
9/13/2022 15:50,12,WRIST_ARM,GS2,G,5,10.5,1.879884667,,,0,0.32696,0.32696,9.961937,-5.019432,323.714,W3,C1,16
9/13/2022 15:50,12,WRIST_ARM,GS2,G,0,7.5,2.256794,,,0,0.32696,0.32696,7.244108,4.636346,6.762593,W3,C1,17
9/13/2022 15:50,12,WRIST_ARM,GS2,G,0,7.5,2.825042,,,0,0.32696,0.32696,7.045295,-0.2482322,355.6066,W3,C1,18
9/13/2022 15:50,12,WRIST_ARM,GS2,G,0,10.5,2.243851,,,0,0.3380032,2.94644,0.4315852,-0.2029628,348.0343,W3,C1,19
9/13/2022 15:50,12,WRIST_ARM,GS2,G,5,7.5,2.337037,,,0,0.3812561,0.3812561,7.025013,-5.017124,322.5647,W3,C1,20
9/13/2022 15:50,12,WRIST_ARM,GS2,G,0,10.5,2.922223,,,0,0.3812561,0.3812561,10.15369,4.685987,1.835631,W3,C1,21
9/13/2022 15:50,12,WRIST_ARM,GS2,G,0,10.5,2.965869,,,0,0.2664178,0.2664178,10.04429,-0.2258718,348.527,W3,C1,22
9/13/2022 15:50,12,WRIST_ARM,GS2,G,0,7.5,2.035205,,,0,0.2929139,0.2929139,0.3878749,-0.2474883,353.1341,W3,C1,23
9/13/2022 15:50,12,WRIST_ARM,GS2,G,5,10.5,2.630294,,,0,0.2929139,0.2929139,10.00866,-5.010355,325.9675,W3,C1,24
9/13/2022 15:51,12,WRIST_ARM,GS2,G,0,10.5,2.212164,,,0,0.2929139,0.2929139,10.1832,4.696801,0.8053707,W3,C1,25
9/13/2022 15:51,12,WRIST_ARM,GS2,G,0,10.5,2.116258,,,0,0.2929139,0.2929139,0.4446253,-0.1998935,347.0063,W3,C1,26
9/13/2022 15:51,12,WRIST_ARM,GS2,G,5,7.5,1.012899333,,,0,0.3217196,0.3217196,7.088055,-5.012768,325.1973,W3,C1,27
9/13/2022 15:51,12,WRIST_ARM,GS2,G,0,10.5,1.86299,,,0,0.242704,2.308585,10.14318,4.663299,3.001352,W3,C1,28
9/13/2022 15:51,12,WRIST_ARM,GS2,G,0,10.5,2.493551,,,0,0.2685987,0.2685987,10.06571,-0.1945865,345.7715,W3,C1,29
9/13/2022 15:51,12,WRIST_ARM,GS2,G,5,10.5,2.825892,,,0,0.2685987,0.2685987,10.0009,-5.033152,328.4202,W3,C1,30
9/13/2022 15:56,12,WRIST_ARM,GS2,G,0,7.5,1.781327,,,1,0.2617888,0.2617888,7.184554,-0.2056541,349.9224,W3,C2,1
9/13/2022 15:56,12,WRIST_ARM,GS2,G,5,7.5,2.059806,,,0,0.2617888,0.2617888,7.043869,-5.012943,321.7201,W3,C2,2
9/13/2022 15:56,12,WRIST_ARM,GS2,G,0,7.5,1.919853,,,0,0.2873446,0.359488,7.237746,4.663932,6.579544,W3,C2,3
9/13/2022 15:56,12,WRIST_ARM,GS2,G,0,7.5,1.83915,,,0,0.3769944,0.300528,7.112126,-0.2373023,352.4831,W3,C2,4
9/13/2022 15:56,12,WRIST_ARM,GS2,G,5,7.5,3.146021,,,0,0.3426488,0.3610875,0.4416512,0.01854849,320.4695,W3,C2,5
9/13/2022 15:56,12,WRIST_ARM,GS2,G,0,10.5,3.202623,,,0,0.2714355,0.2929879,10.05422,4.651887,5.476354,W3,C2,6
9/13/2022 15:56,12,WRIST_ARM,GS2,G,0,10.5,2.379318,,,0,0.3533978,3.255207,10.08507,-0.1779964,349.5179,W3,C2,7
9/13/2022 15:56,12,WRIST_ARM,GS2,G,0,7.5,2.715669,,,0,0.3533978,3.255207,6.978685,-0.2460191,355.4422,W3,C2,8
9/13/2022 15:56,12,WRIST_ARM,GS2,G,5,7.5,2.967156,,,0,0.2465834,0.3128394,0.4709346,-0.01089954,323.6386,W3,C2,9
9/13/2022 15:56,12,WRIST_ARM,GS2,G,0,10.5,2.297055,,,0,0.2623634,0.3441906,10.0441,4.659973,7.13754,W3,C2,10
9/13/2022 15:56,12,WRIST_ARM,GS2,G,5,10.5,3.019343,,,0,0.2623634,0.3441906,0.4983181,-0.02408457,325.7496,W3,C2,11
9/13/2022 15:56,12,WRIST_ARM,GS2,G,0,7.5,3.341038,,,1,0.2623634,0.3441906,0.3754506,-0.4180721,20.82088,W3,C2,12
9/13/2022 15:56,12,WRIST_ARM,GS2,G,0,7.5,2.212908,,,0,0.2623634,0.3441906,7.091181,-0.2402403,353.1465,W3,C2,13
9/13/2022 15:56,12,WRIST_ARM,GS2,G,5,10.5,3.787377,,,0,0.287489,0.287489,9.955563,-5.009845,326.2589,W3,C2,14
9/13/2022 15:56,12,WRIST_ARM,GS2,G,0,10.5,2.033982,,,0,0.2724346,0.3279517,10.16168,4.696164,359.9523,W3,C2,15
9/13/2022 15:56,12,WRIST_ARM,GS2,G,5,10.5,3.702868,,,0,0.2882891,12.57386,9.895001,-4.995914,327.9772,W3,C2,16
9/13/2022 15:57,12,WRIST_ARM,GS2,G,0,10.5,2.955488,,,0,0.3621333,0.3621333,10.1484,4.690432,358.4698,W3,C2,17
9/13/2022 15:57,12,WRIST_ARM,GS2,G,0,10.5,2.069492,,,0,0.3621333,0.3621333,0.454261,-0.2022592,347.1307,W3,C2,18
9/13/2022 15:57,12,WRIST_ARM,GS2,G,5,10.5,2.869481,,,0,0.3621333,0.3621333,10.00209,-4.984356,325.9287,W3,C2,19
9/13/2022 15:57,12,WRIST_ARM,GS2,G,0,10.5,3.006482,,,1,0.3347881,0.3347881,10.10382,4.639612,5.045403,W3,C2,20
9/13/2022 15:57,12,WRIST_ARM,GS2,G,0,10.5,2.715262,,,0,0.3347881,0.3347881,10.04706,-0.20846,350.6011,W3,C2,21
9/13/2022 15:57,12,WRIST_ARM,GS2,G,0,7.5,2.019384,,,0,0.3347881,0.3347881,7.012367,-0.2829897,358.3147,W3,C2,22
9/13/2022 15:57,12,WRIST_ARM,GS2,G,0,7.5,2.50715,,,0,0.2409921,0.2409921,7.12062,-0.248008,354.2076,W3,C2,23
9/13/2022 15:57,12,WRIST_ARM,GS2,G,5,7.5,2.477922,,,0,0.3436692,0.3436692,7.022566,-5.052717,326.7061,W3,C2,24
9/13/2022 15:57,12,WRIST_ARM,GS2,G,0,7.5,4.454616,,,2,0.2990775,0.2990775,7.170265,4.610172,14.12852,W3,C2,25
9/13/2022 15:57,12,WRIST_ARM,GS2,G,0,10.5,2.26842,,,0,0.2685063,0.2685063,10.04689,-0.2069287,347.8886,W3,C2,26
9/13/2022 15:57,12,WRIST_ARM,GS2,G,0,10.5,2.589951,,,0,0.2685063,0.2685063,10.13028,-0.2062752,348.11,W3,C2,27
9/13/2022 15:57,12,WRIST_ARM,GS2,G,5,7.5,3.647468,,,1,0.3337897,14.74936,6.966529,-5.066672,326.5546,W3,C2,28
9/13/2022 15:57,12,WRIST_ARM,GS2,G,0,7.5,3.079129,,,0,0.3337897,14.74936,0.2886328,-0.3574022,12.26348,W3,C2,29
9/13/2022 15:57,12,WRIST_ARM,GS2,G,5,10.5,2.699938,,,0,0.2628613,12.20215,9.982352,-5.043549,326.6483,W3,C2,30
9/13/2022 15:58,12,WRIST_ARM,GS2,G,0,7.5,1.961002,,,1,0.2628613,12.20215,0.3428941,-0.227043,346.5818,W3,C2,1
9/13/2022 15:58,12,WRIST_ARM,GS2,G,5,10.5,3.21579,,,0,0.3606977,0.3606977,10.00275,-4.99703,323.9698,W3,C2,2
9/13/2022 15:58,12,WRIST_ARM,GS2,G,0,7.5,2.53455,,,0,0.3341916,2.194516,7.218195,4.652848,9.522079,W3,C2,3
9/13/2022 15:58,12,WRIST_ARM,GS2,G,0,10.5,3.773841,,,1,0.3341916,2.194516,10.0128,-0.2024523,348.9126,W3,C2,4
9/13/2022 15:58,12,WRIST_ARM,GS2,G,5,7.5,3.296827,,,1,0.3445512,11.21717,0.4392517,-0.01022625,324.2278,W3,C2,5
9/13/2022 15:58,12,WRIST_ARM,GS2,G,0,7.5,3.161424,,,0,0.334747,0.334747,7.116698,4.630135,15.2621,W3,C2,6
9/13/2022 15:58,12,WRIST_ARM,GS2,G,5,10.5,4.734309,,,1,0.334747,0.334747,10.04845,-5.021306,323.8553,W3,C2,7
9/13/2022 15:58,12,WRIST_ARM,GS2,G,0,10.5,2.466068,,,0,0.3396245,0.3396245,0.3809713,-0.3315256,3.953029,W3,C2,8
9/13/2022 15:58,12,WRIST_ARM,GS2,G,0,7.5,2.154146,,,0,0.2837167,0.3124629,7.151388,-0.2330737,352.4396,W3,C2,9
9/13/2022 15:58,12,WRIST_ARM,GS2,G,5,7.5,2.827878,,,0,0.2837167,0.3124629,7.014503,-5.040325,323.6389,W3,C2,10
9/13/2022 15:58,12,WRIST_ARM,GS2,G,0,10.5,3.076176,,,1,0.2837167,0.3124629,10.1328,4.68673,357.0257,W3,C2,11
9/13/2022 15:58,12,WRIST_ARM,GS2,G,5,7.5,3.731118,,,1,0.2996786,0.2996786,6.993191,-5.038065,324.062,W3,C2,12
9/13/2022 15:58,12,WRIST_ARM,GS2,G,0,7.5,3.245027,,,1,0.2907332,0.2907332,7.234129,4.662785,5.005201,W3,C2,13
9/13/2022 15:59,12,WRIST_ARM,GS2,G,0,10.5,3.466123,,,1,0.2548064,3.42289,10.07238,-0.1970398,342.5401,W3,C2,14
9/13/2022 15:59,12,WRIST_ARM,GS2,G,5,10.5,3.177373,,,0,0.3476617,11.58825,10.02772,-5.046719,326.4802,W3,C2,15
9/13/2022 15:59,12,WRIST_ARM,GS2,G,0,7.5,3.19873,,,0,0.2116938,0.2116938,0.3408194,-0.3803699,15.62789,W3,C2,16
9/13/2022 15:59,12,WRIST_ARM,GS2,G,0,10.5,1.962697,,,0,0.2116938,0.2116938,10.08206,-0.1602414,343.9389,W3,C2,17
9/13/2022 15:59,12,WRIST_ARM,GS2,G,0,7.5,1.838242,,,0,0.2116938,0.2116938,7.046959,-0.2450774,352.6382,W3,C2,18
9/13/2022 15:59,12,WRIST_ARM,GS2,G,5,10.5,3.204579,,,0,0.2116938,0.2116938,0.4773965,-0.008337975,322.1907,W3,C2,19
9/13/2022 15:59,12,WRIST_ARM,GS2,G,0,7.5,1.932346,,,0,0.2116938,0.2116938,7.127402,4.586251,13.59609,W3,C2,20
9/13/2022 15:59,12,WRIST_ARM,GS2,G,5,10.5,3.483739,,,0,0.2116938,0.2116938,10.06308,-5.010189,323.3442,W3,C2,21
9/13/2022 15:59,12,WRIST_ARM,GS2,G,0,10.5,2.962432,,,0,0.2991426,0.2991426,10.06559,4.637948,2.640082,W3,C2,22
9/13/2022 15:59,12,WRIST_ARM,GS2,G,0,7.5,2.773056,,,0,0.2991426,0.2991426,7.181191,-0.2495359,355.9528,W3,C2,23
9/13/2022 15:59,12,WRIST_ARM,GS2,G,0,10.5,3.104484,,,1,0.2743506,0.2743506,10.00573,-0.2450298,348.8229,W3,C2,24
9/13/2022 15:59,12,WRIST_ARM,GS2,G,5,7.5,2.52094,,,0,0.2743506,0.2743506,0.4702778,-0.03438616,326.3041,W3,C2,25
9/13/2022 15:59,12,WRIST_ARM,GS2,G,0,10.5,3.2134,,,0,0.2591957,0.2591957,10.08882,4.669464,2.57401,W3,C2,26
9/13/2022 15:59,12,WRIST_ARM,GS2,G,0,10.5,2.146396,,,0,0.3141881,0.3141881,10.12794,-0.2009549,345.724,W3,C2,27
9/13/2022 15:59,12,WRIST_ARM,GS2,G,0,7.5,2.978418,,,0,0.3141881,0.3141881,7.055488,-0.2871331,355.0338,W3,C2,28
9/13/2022 15:59,12,WRIST_ARM,GS2,G,0,10.5,2.322866,,,0,0.3857789,2.846041,10.10604,-0.2180955,349.0355,W3,C2,29
9/13/2022 15:59,12,WRIST_ARM,GS2,G,5,7.5,3.160311,,,0,0.3401694,0.2471347,7.006928,-5.04475,323.1107,W3,C2,30
9/13/2022 17:09,13,WRIST_ARM,GS2,G,0,7.5,2.702228,,,6,0.2881051,0.2881051,0.3878934,-0.1460755,345.4286,W3,C3,1
9/13/2022 17:09,13,WRIST_ARM,GS2,G,0,10.5,3.760483,,,1,0.2432072,0.2432072,0.5072531,-0.1614431,348.6144,W3,C3,2
9/13/2022 17:09,13,WRIST_ARM,GS2,G,5,10.5,4.28512,,,1,0.2432072,0.2432072,10.10398,-4.886672,318.864,W3,C3,3
9/13/2022 17:09,13,WRIST_ARM,GS2,G,0,10.5,3.327453,,,0,0.2936925,0.2936925,10.00649,4.722136,5.958272,W3,C3,4
9/13/2022 17:09,13,WRIST_ARM,GS2,G,5,7.5,6.822795,,,0,0.2936925,0.2936925,7.228095,-4.88251,312.7701,W3,C3,5
9/13/2022 17:09,13,WRIST_ARM,GS2,G,0,7.5,3.384584,,,0,0.2936925,0.2936925,0.3653443,-0.3245463,6.021566,W3,C3,6
9/13/2022 17:09,13,WRIST_ARM,GS2,G,0,7.5,3.381374,,,0,0.2911409,0.2911409,0.371413,-0.05411553,338.647,W3,C3,7
9/13/2022 17:09,13,WRIST_ARM,GS2,G,5,7.5,3.258091,,,0,0.3454073,0.3454073,6.994582,-4.939198,321.1961,W3,C3,8
9/13/2022 17:09,13,WRIST_ARM,GS2,G,0,10.5,5.205574,,,0,0.28913,0.28913,10.11676,4.837332,350.3268,W3,C3,9
9/13/2022 17:09,13,WRIST_ARM,GS2,G,0,7.5,3.466513,,,0,0.28913,0.28913,7.026567,-0.1742942,345.816,W3,C3,10
9/13/2022 17:10,13,WRIST_ARM,GS2,G,5,10.5,5.780987,,,0,0.3421574,0.2980134,10.07981,-4.890005,319.3058,W3,C3,11
9/13/2022 17:10,13,WRIST_ARM,GS2,G,0,7.5,3.018689,,,0,0.3421574,0.2980134,7.112336,4.703049,7.049584,W3,C3,12
9/13/2022 17:10,13,WRIST_ARM,GS2,G,5,10.5,4.290803,,,0,0.3421574,0.2980134,0.4039241,0.0906949,321.0613,W3,C3,13
9/13/2022 17:10,13,WRIST_ARM,GS2,G,0,7.5,2.962838,,,0,0.3421574,0.2980134,7.090375,4.653987,12.53183,W3,C3,14
9/13/2022 17:10,13,WRIST_ARM,GS2,G,0,10.5,4.151428,,,0,0.3421574,0.2980134,10.06858,-0.003246546,335.3707,W3,C3,15
9/13/2022 17:10,13,WRIST_ARM,GS2,G,0,7.5,3.144119,,,0,0.2457434,0.3054172,6.885983,-0.1653291,353.7453,W3,C3,16
9/13/2022 17:10,13,WRIST_ARM,GS2,G,5,10.5,3.371226,,,0,0.3394718,0.3394718,10.08062,-4.876521,322.7888,W3,C3,17
9/13/2022 17:10,13,WRIST_ARM,GS2,G,0,10.5,5.440929,,,1,0.2353019,0.2353019,10.00818,4.718478,4.269632,W3,C3,18
9/13/2022 17:10,13,WRIST_ARM,GS2,G,5,10.5,3.051075,,,0,0.2353019,0.2353019,10.13515,-4.903034,322.4724,W3,C3,19
9/13/2022 17:10,13,WRIST_ARM,GS2,G,0,7.5,3.339393,,,0,0.2479792,0.2479792,7.086513,4.665853,10.33535,W3,C3,20
9/13/2022 17:10,13,WRIST_ARM,GS2,G,0,10.5,6.699947,,,0,0.3411136,0.3411136,10.04081,-0.01984632,338.8326,W3,C3,21
9/13/2022 17:10,13,WRIST_ARM,GS2,G,5,7.5,3.729188,,,0,0.2270971,0.2270971,6.945138,-4.884981,323.9537,W3,C3,22
9/13/2022 17:10,13,WRIST_ARM,GS2,G,0,7.5,3.508734,,,0,0.3011392,0.3011392,0.3319248,-0.2731817,2.786956,W3,C3,23
9/13/2022 17:10,13,WRIST_ARM,GS2,G,0,10.5,3.158677,,,0,0.2463869,0.2463869,0.4689846,-0.1212826,343.9811,W3,C3,24
9/13/2022 17:10,13,WRIST_ARM,GS2,G,0,10.5,3.118741,,,0,0.2463869,0.2463869,10.03812,-0.07162523,343.7878,W3,C3,25
9/13/2022 17:11,13,WRIST_ARM,GS2,G,5,7.5,4.706757,,,1,0.2527763,0.2527763,7.043145,-4.940548,322.7297,W3,C3,26
9/13/2022 17:11,13,WRIST_ARM,GS2,G,0,10.5,3.814972,,,0,0.261935,0.261935,0.3909704,-0.2003245,356.2961,W3,C3,27
9/13/2022 17:11,13,WRIST_ARM,GS2,G,0,7.5,2.881532,,,0,0.3567748,0.3567748,7.006438,-0.1830525,347.9204,W3,C3,28
9/13/2022 17:11,13,WRIST_ARM,GS2,G,0,10.5,8.173751,,,0,0.3567748,0.3567748,10.05095,0.007922888,333.7453,W3,C3,29
9/13/2022 17:11,13,WRIST_ARM,GS2,G,5,7.5,4.704478,,,0,0.2583374,0.2583374,7.059422,-4.929259,319.8619,W3,C3,30
9/13/2022 17:11,13,WRIST_ARM,GS2,G,0,10.5,2.600271,,,2,0.2869191,0.2869191,10.09528,-0.07072103,341.2362,W3,C3,1
9/13/2022 17:11,13,WRIST_ARM,GS2,G,0,7.5,2.69036,,,0,0.2869191,0.2869191,6.998055,-0.1685022,350.6915,W3,C3,2
9/13/2022 17:12,13,WRIST_ARM,GS2,G,0,10.5,3.532258,,,0,0.2869191,0.2869191,10.03686,-0.04188919,336.8986,W3,C3,3
9/13/2022 17:12,13,WRIST_ARM,GS2,G,0,10.5,3.609462,,,0,0.2869191,0.2869191,9.992123,-0.09194791,345.2153,W3,C3,4
9/13/2022 17:12,13,WRIST_ARM,GS2,G,5,7.5,4.828178,,,0,0.338363,10.7311,7.161759,-4.90725,318.9279,W3,C3,5
9/13/2022 17:12,13,WRIST_ARM,GS2,G,0,10.5,3.023149,,,0,0.2250381,0.2250381,10.02736,4.724991,4.979859,W3,C3,6
9/13/2022 17:12,13,WRIST_ARM,GS2,G,0,7.5,3.631517,,,0,0.2250381,0.2250381,7.105299,-0.09991932,343.8535,W3,C3,7
9/13/2022 17:12,13,WRIST_ARM,GS2,G,0,7.5,3.147671,,,0,0.2250381,0.2250381,0.4573013,-0.1953595,351.9145,W3,C3,8
9/13/2022 17:12,13,WRIST_ARM,GS2,G,5,10.5,3.538522,,,0,0.2250381,0.2250381,0.4109996,0.1313953,323.9947,W3,C3,9
9/13/2022 17:12,13,WRIST_ARM,GS2,G,0,7.5,2.781783,,,0,0.2250381,0.2250381,7.035931,4.657322,14.86799,W3,C3,10
9/13/2022 17:12,13,WRIST_ARM,GS2,G,0,10.5,3.646552,,,0,0.2796212,0.2796212,10.07148,0.008003712,336.0297,W3,C3,11
9/13/2022 17:12,13,WRIST_ARM,GS2,G,5,10.5,3.746396,,,0,0.3114434,0.4160829,9.9519,-4.881514,325.0475,W3,C3,12
9/13/2022 17:12,13,WRIST_ARM,GS2,G,0,10.5,3.997034,,,0,0.3114434,0.4160829,10.10423,4.866439,350.4635,W3,C3,13
9/13/2022 17:12,13,WRIST_ARM,GS2,G,5,7.5,2.977809,,,0,0.3016696,11.87726,7.046751,-4.954108,321.1919,W3,C3,14
9/13/2022 17:12,13,WRIST_ARM,GS2,G,0,10.5,4.469859,,,0,0.343622,2.361546,0.4079683,-0.2081817,0.5269377,W3,C3,15
9/13/2022 17:12,13,WRIST_ARM,GS2,G,0,10.5,4.314682,,,0,0.343622,2.361546,9.936984,-0.1502429,344.9297,W3,C3,16
9/13/2022 17:12,13,WRIST_ARM,GS2,G,0,10.5,2.938588,,,0,0.2889423,0.3424653,10.05369,-0.07058954,342.0674,W3,C3,17
9/13/2022 17:12,13,WRIST_ARM,GS2,G,5,7.5,2.86673,,,0,0.2889423,0.3424653,0.4329083,0.03996754,320.6688,W3,C3,18
9/13/2022 17:12,13,WRIST_ARM,GS2,G,0,10.5,3.636755,,,0,0.2889423,0.3424653,10.03437,4.798656,0.352066,W3,C3,19
9/13/2022 17:13,13,WRIST_ARM,GS2,G,5,7.5,4.202437,,,0,0.2889423,0.3424653,6.957823,-4.964042,321.1349,W3,C3,20
9/13/2022 17:13,13,WRIST_ARM,GS2,G,0,7.5,3.117445,,,0,0.2889423,0.3424653,7.146168,4.735036,5.458508,W3,C3,21
9/13/2022 17:13,13,WRIST_ARM,GS2,G,5,10.5,3.843433,,,0,0.2889423,0.3424653,9.979538,-4.889233,323.2166,W3,C3,22
9/13/2022 17:13,13,WRIST_ARM,GS2,G,0,7.5,3.133846,,,0,0.2954597,0.2954597,7.138512,4.784754,359.4743,W3,C3,23
9/13/2022 17:13,13,WRIST_ARM,GS2,G,0,7.5,5.580997,,,0,0.3514717,0.3514717,7.020398,-0.1848269,348.7834,W3,C3,24
9/13/2022 17:13,13,WRIST_ARM,GS2,G,5,10.5,3.219201,,,0,0.3099433,0.3483141,10.10534,-4.890276,324.6299,W3,C3,25
9/13/2022 17:13,13,WRIST_ARM,GS2,G,0,7.5,3.365421,,,0,0.334527,0.334527,7.062439,4.661524,7.650848,W3,C3,26
9/13/2022 17:13,13,WRIST_ARM,GS2,G,5,10.5,2.675018,,,0,0.2706169,12.56221,10.03613,-4.894639,325.3504,W3,C3,27
9/13/2022 17:13,13,WRIST_ARM,GS2,G,0,7.5,3.242172,,,0,0.2520491,0.2520491,0.4000187,-0.3445621,11.11039,W3,C3,28
9/13/2022 17:13,13,WRIST_ARM,GS2,G,0,7.5,2.481934,,,0,0.2973695,0.2973695,0.4073485,-0.1347089,347.6708,W3,C3,29
9/13/2022 17:13,13,WRIST_ARM,GS2,G,5,7.5,3.199666,,,0,0.2551998,0.2551998,0.5050517,0.08710432,322.7476,W3,C3,30
9/13/2022 17:21,13,WRIST_ARM,GS2,G,0,7.5,2.168731,,,2,0.2393934,0.2930495,0.4778459,-0.1554062,352.5726,W3,C4,1
9/13/2022 17:21,13,WRIST_ARM,GS2,G,0,7.5,2.411281,,,0,0.2393934,0.2930495,6.897249,-0.18457,352.4324,W3,C4,2
9/13/2022 17:21,13,WRIST_ARM,GS2,G,0,10.5,2.280403,,,0,0.2857746,0.2857746,9.999851,-0.1061059,347.5667,W3,C4,3
9/13/2022 17:21,13,WRIST_ARM,GS2,G,0,10.5,2.562651,,,0,0.3025444,0.3025444,9.889929,-0.1066394,349.2772,W3,C4,4
9/13/2022 17:21,13,WRIST_ARM,GS2,G,0,7.5,2.741385,,,0,0.2219404,0.2219404,7.076499,-0.1423827,350.4823,W3,C4,5
9/13/2022 17:21,13,WRIST_ARM,GS2,G,5,7.5,2.687894,,,0,0.2219404,0.2219404,6.913577,-4.938326,323.3876,W3,C4,6
9/13/2022 17:21,13,WRIST_ARM,GS2,G,0,10.5,3.145877,,,0,0.2013448,0.2013448,10.02801,4.812084,351.7579,W3,C4,7
9/13/2022 17:21,13,WRIST_ARM,GS2,G,5,10.5,3.00774,,,0,0.4206137,0.4206137,9.949353,-4.902854,321.9308,W3,C4,8
9/13/2022 17:22,13,WRIST_ARM,GS2,G,0,10.5,3.897114,,,0,0.3293488,0.4149711,10.08356,4.778115,0.1774606,W3,C4,9
9/13/2022 17:22,13,WRIST_ARM,GS2,G,5,10.5,3.885397,,,0,0.3293488,0.4149711,0.5249369,0.09482479,323.583,W3,C4,10
9/13/2022 17:22,13,WRIST_ARM,GS2,G,0,10.5,3.382497,,,0,0.2809784,0.2809784,10.08511,4.792645,356.7146,W3,C4,11
9/13/2022 17:22,13,WRIST_ARM,GS2,G,0,10.5,2.993716,,,0,0.2859427,0.3854558,9.912512,-0.1263524,346.6979,W3,C4,12
9/13/2022 17:22,13,WRIST_ARM,GS2,G,0,7.5,2.118247,,,0,0.2970791,0.2970791,7.045139,-0.1413145,350.101,W3,C4,13
9/13/2022 17:22,13,WRIST_ARM,GS2,G,5,10.5,2.936435,,,0,0.363776,0.363776,9.89755,-4.88958,323.3857,W3,C4,14
9/13/2022 17:22,13,WRIST_ARM,GS2,G,0,10.5,2.812638,,,0,0.3141938,0.3141938,10.05067,4.765606,359.2904,W3,C4,15
9/13/2022 17:22,13,WRIST_ARM,GS2,G,5,10.5,3.077052,,,0,0.2405432,0.2405432,9.949037,-4.907531,322.2461,W3,C4,16
9/13/2022 17:22,13,WRIST_ARM,GS2,G,0,7.5,2.811198,,,0,0.2405432,0.2405432,7.117265,4.70103,9.187548,W3,C4,17
9/13/2022 17:22,13,WRIST_ARM,GS2,G,5,7.5,2.603027,,,0,0.2641299,0.2641299,7.019698,-4.935291,322.6599,W3,C4,18
9/13/2022 17:22,13,WRIST_ARM,GS2,G,0,7.5,3.064726,,,0,0.2641299,0.2641299,0.3205704,-0.2357036,0.4669408,W3,C4,19
9/13/2022 17:22,13,WRIST_ARM,GS2,G,0,7.5,3.118342,,,0,0.3147857,4.702548,0.4615014,-0.2048819,348.2353,W3,C4,20
9/13/2022 17:22,13,WRIST_ARM,GS2,G,0,10.5,4.622778,,,0,0.2603346,0.2603346,0.4349961,-0.0650208,337.5668,W3,C4,21
9/13/2022 17:22,13,WRIST_ARM,GS2,G,0,7.5,2.770624,,,0,0.2793783,0.2793783,6.95341,-0.2136098,349.1216,W3,C4,22
9/13/2022 17:22,13,WRIST_ARM,GS2,G,0,7.5,2.284006,,,0,0.2517433,0.2517433,7.060746,-0.1289672,345.376,W3,C4,23
9/13/2022 17:22,13,WRIST_ARM,GS2,G,5,7.5,2.978356,,,0,0.2517433,0.2517433,6.953598,-4.945212,322.3422,W3,C4,24
9/13/2022 17:22,13,WRIST_ARM,GS2,G,0,7.5,2.728433,,,0,0.1974033,0.1974033,7.127976,4.761321,358.8724,W3,C4,25
9/13/2022 17:22,13,WRIST_ARM,GS2,G,5,10.5,3.257076,,,0,0.2413011,0.2413011,9.991793,-4.88561,323.6716,W3,C4,26
9/13/2022 17:22,13,WRIST_ARM,GS2,G,0,10.5,5.000154,,,0,0.2413011,0.2413011,0.3934873,-0.1911871,355.0167,W3,C4,27
9/13/2022 17:23,13,WRIST_ARM,GS2,G,5,7.5,3.703526,,,0,0.2729201,0.2729201,6.960615,-4.934526,321.7799,W3,C4,28
9/13/2022 17:23,13,WRIST_ARM,GS2,G,0,10.5,2.895748,,,0,0.2755361,0.2755361,0.3960873,-0.2021074,353.8633,W3,C4,29
9/13/2022 17:23,13,WRIST_ARM,GS2,G,5,7.5,2.894644,,,0,0.2755361,0.2755361,7.006822,-4.973183,320.0244,W3,C4,30
9/13/2022 17:23,13,WRIST_ARM,GS2,G,0,7.5,3.048288,,,1,0.3126014,0.3126014,0.4428291,-0.1601901,350.7979,W3,C4,1
9/13/2022 17:24,13,WRIST_ARM,GS2,G,5,10.5,2.254083,,,0,0.2648856,0.3399809,9.955076,-4.9134,322.1564,W3,C4,2
9/13/2022 17:24,13,WRIST_ARM,GS2,G,0,10.5,2.505325,,,0,0.2648856,0.3399809,10.05966,4.766025,1.202242,W3,C4,3
9/13/2022 17:24,13,WRIST_ARM,GS2,G,5,10.5,2.019168,,,0,0.272538,0.272538,9.993856,-4.914633,323.5554,W3,C4,4
9/13/2022 17:24,13,WRIST_ARM,GS2,G,0,10.5,2.184274,,,0,0.2298943,0.2298943,0.3954254,-0.1847193,354.4621,W3,C4,5
9/13/2022 17:24,13,WRIST_ARM,GS2,G,0,10.5,2.633018,,,0,0.2890272,0.2890272,9.909574,-0.1195838,348.5181,W3,C4,6
9/13/2022 17:24,13,WRIST_ARM,GS2,G,5,7.5,3.11841,,,0,0.2890272,0.2890272,7.081885,-4.885591,323.485,W3,C4,7
9/13/2022 17:24,13,WRIST_ARM,GS2,G,0,10.5,2.660824,,,0,0.2341889,0.2341889,9.989086,4.728219,6.431186,W3,C4,8
9/13/2022 17:24,13,WRIST_ARM,GS2,G,5,7.5,3.366688,,,0,0.3425302,14.97592,0.4083574,0.1061869,326.5045,W3,C4,9
9/13/2022 17:24,13,WRIST_ARM,GS2,G,0,10.5,4.539539,,,0,0.2435102,0.2435102,9.939692,4.71619,7.729081,W3,C4,10
9/13/2022 17:24,13,WRIST_ARM,GS2,G,0,7.5,2.296738,,,0,0.2435102,0.2435102,0.4223887,-0.1445011,348.7978,W3,C4,11
9/13/2022 17:24,13,WRIST_ARM,GS2,G,5,10.5,4.233084,,,0,0.2621528,0.2621528,9.999424,-4.936968,324.8409,W3,C4,12
9/13/2022 17:24,13,WRIST_ARM,GS2,G,0,7.5,3.508497,,,0,0.2621528,0.2621528,7.124798,4.772671,0.1626902,W3,C4,13
9/13/2022 17:24,13,WRIST_ARM,GS2,G,0,7.5,4.122365,,,1,0.3021179,0.3021179,0.5190451,-0.2068369,355.4931,W3,C4,14
9/13/2022 17:24,13,WRIST_ARM,GS2,G,5,7.5,3.076502,,,0,0.354956,0.354956,7.110174,-4.87069,323.8542,W3,C4,15
9/13/2022 17:24,13,WRIST_ARM,GS2,G,0,7.5,3.33935,,,0,0.354956,0.354956,0.4439298,-0.3416733,17.37844,W3,C4,16
9/13/2022 17:24,13,WRIST_ARM,GS2,G,5,7.5,4.639307,,,0,0.354956,0.354956,7.137435,-4.897038,323.1841,W3,C4,17
9/13/2022 17:24,13,WRIST_ARM,GS2,G,0,10.5,3.338371,,,0,0.3126307,0.3126307,9.989946,4.729179,1.871101,W3,C4,18
9/13/2022 17:24,13,WRIST_ARM,GS2,G,5,10.5,3.107518,,,0,0.2957317,12.5431,0.3836702,0.1344752,322.0938,W3,C4,19
9/13/2022 17:25,13,WRIST_ARM,GS2,G,0,7.5,3.157083,,,0,0.2957317,12.5431,0.3820879,-0.3131362,12.15183,W3,C4,20
9/13/2022 17:25,13,WRIST_ARM,GS2,G,0,10.5,4.13766,,,0,0.2471791,0.2471791,10.05878,0.007934809,339.117,W3,C4,21
9/13/2022 17:25,13,WRIST_ARM,GS2,G,0,7.5,3.284223,,,0,0.2471791,0.2471791,6.946755,-0.177338,354.8557,W3,C4,22
9/13/2022 17:25,13,WRIST_ARM,GS2,G,0,10.5,3.580266,,,0,0.3443116,0.3443116,10.09813,0.02349663,336.5741,W3,C4,23
9/13/2022 17:25,13,WRIST_ARM,GS2,G,0,10.5,2.518596,,,0,0.3169205,0.3169205,0.4852378,-0.1118208,347.3676,W3,C4,24
9/13/2022 17:25,13,WRIST_ARM,GS2,G,5,7.5,2.381178,,,0,0.2971559,0.2971559,7.159173,-4.901484,322.3815,W3,C4,25
9/13/2022 17:25,13,WRIST_ARM,GS2,G,0,10.5,3.61902,,,0,0.3093885,0.3093885,9.978755,4.731535,1.446685,W3,C4,26
9/13/2022 17:25,13,WRIST_ARM,GS2,G,0,7.5,3.356895,,,1,0.3113524,0.3113524,7.070261,-0.10453,346.9642,W3,C4,27
9/13/2022 17:25,13,WRIST_ARM,GS2,G,0,7.5,2.505586,,,0,0.2236611,0.2236611,0.4469497,-0.202865,353.4374,W3,C4,28
9/13/2022 17:25,13,WRIST_ARM,GS2,G,0,7.5,2.395025,,,0,0.358133,0.358133,0.399668,-0.1100672,344.362,W3,C4,29
9/13/2022 17:25,13,WRIST_ARM,GS2,G,5,10.5,4.59323,,,1,0.358133,0.358133,9.939106,-4.911044,322.6945,W3,C4,30
9/13/2022 17:31,13,WRIST_ARM,GS2,G,0,7.5,2.184734,,,1,0.3285945,0.2286451,7.074942,-0.1642823,349.1894,W3,C0,1
9/13/2022 17:31,13,WRIST_ARM,GS2,G,5,7.5,3.412156,,,1,0.3125757,0.3125757,6.950387,-4.925982,322.5978,W3,C0,2
9/13/2022 17:31,13,WRIST_ARM,GS2,G,0,10.5,2.266256,,,0,0.2507501,0.2507501,10.00296,4.785144,356.9541,W3,C0,3
9/13/2022 17:31,13,WRIST_ARM,GS2,G,5,10.5,2.798562,,,0,0.2507501,0.2507501,0.4853553,0.05642271,324.5622,W3,C0,4
9/13/2022 17:31,13,WRIST_ARM,GS2,G,0,7.5,3.340457,,,0,0.2928057,0.2928057,7.16254,4.758952,1.049925,W3,C0,5
9/13/2022 17:31,13,WRIST_ARM,GS2,G,0,7.5,2.800006,,,0,0.2928057,0.2928057,7.0427,-0.2066896,351.834,W3,C0,6
9/13/2022 17:31,13,WRIST_ARM,GS2,G,0,10.5,3.982628,,,0,0.3210566,2.87361,10.05288,-0.03797448,343.3604,W3,C0,7
9/13/2022 17:31,13,WRIST_ARM,GS2,G,0,10.5,2.615623,,,0,0.3111486,0.3111486,9.908985,-0.1151445,348.1546,W3,C0,8
9/13/2022 17:31,13,WRIST_ARM,GS2,G,5,7.5,2.715461,,,0,0.3306835,0.3306835,7.155198,-4.890468,323.7816,W3,C0,9
9/13/2022 17:31,13,WRIST_ARM,GS2,G,0,7.5,3.190978,,,0,0.2230936,0.3655787,0.4032185,-0.3357077,15.23656,W3,C0,10
9/13/2022 17:31,13,WRIST_ARM,GS2,G,5,7.5,5.789371,,,0,0.2776037,11.64506,7.191682,-4.903899,321.5009,W3,C0,11
9/13/2022 17:31,13,WRIST_ARM,GS2,G,0,7.5,3.28439,,,0,0.2941055,0.2941055,7.019157,4.66244,14.71545,W3,C0,12
9/13/2022 17:32,13,WRIST_ARM,GS2,G,5,10.5,5.084398,,,0,0.2772443,0.2772443,0.3753241,0.1271796,320.5492,W3,C0,13
9/13/2022 17:32,13,WRIST_ARM,GS2,G,0,10.5,3.953378,,,0,0.3110022,0.3110022,9.966845,4.707367,5.673553,W3,C0,14
9/13/2022 17:32,13,WRIST_ARM,GS2,G,0,7.5,3.004671,,,0,0.3435,0.3435,0.4099066,-0.1222982,346.2123,W3,C0,15
9/13/2022 17:32,13,WRIST_ARM,GS2,G,5,10.5,3.579087,,,0,0.2234944,0.2234944,10.02896,-4.90438,324.277,W3,C0,16
9/13/2022 17:32,13,WRIST_ARM,GS2,G,0,10.5,2.883263,,,0,0.2730148,0.2730148,0.3860227,-0.1908431,355.9892,W3,C0,17
9/13/2022 17:32,13,WRIST_ARM,GS2,G,0,7.5,2.518541,,,0,0.2730148,0.2730148,7.013483,-0.1869922,351.3073,W3,C0,18
9/13/2022 17:32,13,WRIST_ARM,GS2,G,0,7.5,2.463065,,,0,0.2769198,0.2769198,7.078863,-0.1209518,348.7152,W3,C0,19
9/13/2022 17:32,13,WRIST_ARM,GS2,G,0,10.5,3.133745,,,1,0.3023692,0.3023692,9.970873,-0.1232972,346.9574,W3,C0,20
9/13/2022 17:32,13,WRIST_ARM,GS2,G,0,10.5,2.46428,,,0,0.3023692,0.3023692,10.06604,-0.06511176,344.8121,W3,C0,21
9/13/2022 17:32,13,WRIST_ARM,GS2,G,5,7.5,2.33848,,,0,0.2603361,0.2603361,7.04519,-4.940581,324.0466,W3,C0,22
9/13/2022 17:32,13,WRIST_ARM,GS2,G,0,10.5,3.9129,,,0,0.2645333,0.2645333,10.08148,4.820612,355.9883,W3,C0,23
9/13/2022 17:32,13,WRIST_ARM,GS2,G,5,7.5,3.730397,,,0,0.2654727,0.364596,0.51657,0.1064229,324.7495,W3,C0,24
9/13/2022 17:32,13,WRIST_ARM,GS2,G,0,10.5,3.996931,,,0,0.2654727,0.364596,10.09794,4.840834,351.3117,W3,C0,25
9/13/2022 17:32,13,WRIST_ARM,GS2,G,0,7.5,3.119113,,,0,0.2558956,0.2558956,0.5104286,-0.1914895,354.6276,W3,C0,26
9/13/2022 17:32,13,WRIST_ARM,GS2,G,0,10.5,2.939149,,,0,0.2993212,0.2993212,10.03354,-0.05817389,339.8371,W3,C0,27
9/13/2022 17:32,13,WRIST_ARM,GS2,G,5,10.5,4.077547,,,0,0.2993212,0.2993212,9.920963,-4.882571,324.2437,W3,C0,28
9/13/2022 17:32,13,WRIST_ARM,GS2,G,0,7.5,3.008241,,,0,0.2740012,0.2740012,0.327123,-0.2484045,1.001517,W3,C0,29
9/13/2022 17:32,13,WRIST_ARM,GS2,G,5,10.5,3.797777,,,0,0.2642351,0.2642351,0.4760195,0.07644653,322.113,W3,C0,30
9/13/2022 17:33,13,WRIST_ARM,GS2,G,0,10.5,3.867423,,,2,0.2642351,0.2642351,0.4449263,-0.06379497,339.8999,W3,C0,1
9/13/2022 17:33,13,WRIST_ARM,GS2,G,0,7.5,3.39814,,,0,0.3434274,0.3182359,0.5606667,-0.1619693,355.1559,W3,C0,2
9/13/2022 17:33,13,WRIST_ARM,GS2,G,5,10.5,2.701191,,,0,0.3939051,0.3939051,0.4871937,0.1004138,324.9073,W3,C0,3
9/13/2022 17:33,13,WRIST_ARM,GS2,G,0,10.5,3.412621,,,0,0.2330333,0.255228,9.994296,4.701991,7.766281,W3,C0,4
9/13/2022 17:33,13,WRIST_ARM,GS2,G,0,7.5,3.045413,,,0,0.3391526,0.3391526,0.4283511,-0.1371688,349.3341,W3,C0,5
9/13/2022 17:33,13,WRIST_ARM,GS2,G,0,10.5,2.924407,,,0,0.2736986,0.305182,0.5530974,-0.1417962,347.857,W3,C0,6
9/13/2022 17:34,13,WRIST_ARM,GS2,G,5,10.5,4.39937,,,0,0.2644156,0.3922423,10.10614,-4.888428,322.4444,W3,C0,7
9/13/2022 17:34,13,WRIST_ARM,GS2,G,0,7.5,3.787073,,,0,0.3072857,0.3072857,7.061623,4.63475,15.35976,W3,C0,8
9/13/2022 17:34,13,WRIST_ARM,GS2,G,0,7.5,2.408574,,,0,0.2763759,0.269685,7.143603,-0.1124994,345.7639,W3,C0,9
9/13/2022 17:34,13,WRIST_ARM,GS2,G,0,7.5,3.466413,,,0,0.2763759,0.269685,6.9788,-0.2140386,354.4427,W3,C0,10
9/13/2022 17:34,13,WRIST_ARM,GS2,G,5,7.5,3.14928,,,1,0.2763759,0.269685,7.143804,-4.924524,320.9133,W3,C0,11
9/13/2022 17:34,13,WRIST_ARM,GS2,G,0,10.5,5.286726,,,1,0.2763759,0.269685,0.4569792,-0.2802205,5.484061,W3,C0,12
9/13/2022 17:34,13,WRIST_ARM,GS2,G,5,7.5,3.343873,,,0,0.2763759,0.269685,7.097652,-4.881424,323.4941,W3,C0,13
9/13/2022 17:34,13,WRIST_ARM,GS2,G,0,10.5,3.340403,,,0,0.2512271,0.2512271,0.4741746,-0.2876344,6.438694,W3,C0,14
9/13/2022 17:34,13,WRIST_ARM,GS2,G,0,7.5,2.313223,,,0,0.3502789,0.3502789,7.088346,-0.1189008,347.2453,W3,C0,15
9/13/2022 17:34,13,WRIST_ARM,GS2,G,0,7.5,2.28097,,,0,0.2750115,0.2750115,6.979002,-0.1824486,352.5848,W3,C0,16
9/13/2022 17:34,13,WRIST_ARM,GS2,G,5,7.5,2.061232,,,0,0.2750115,0.2750115,0.4211965,0.05420923,322.6803,W3,C0,17
9/13/2022 17:34,13,WRIST_ARM,GS2,G,0,7.5,2.713687,,,0,0.2750115,0.2750115,7.035574,4.637483,15.38873,W3,C0,18
9/13/2022 17:34,13,WRIST_ARM,GS2,G,5,7.5,2.382113,,,0,0.2522185,10.25803,7.169405,-4.93504,317.3002,W3,C0,19
9/13/2022 17:34,13,WRIST_ARM,GS2,G,0,10.5,2.225711,,,0,0.3355137,0.3355137,10.02936,4.69294,5.161536,W3,C0,20
9/13/2022 17:34,13,WRIST_ARM,GS2,G,5,7.5,4.234357,,,1,0.371786,0.371786,7.150632,-4.92351,320.3084,W3,C0,21
9/13/2022 17:34,13,WRIST_ARM,GS2,G,0,7.5,3.786403,,,0,0.39427,0.39427,0.3941966,-0.351643,14.50703,W3,C0,22
9/13/2022 17:34,13,WRIST_ARM,GS2,G,5,10.5,2.938573,,,0,0.39427,0.39427,10.1,-4.922523,320.2281,W3,C0,23
9/13/2022 17:34,13,WRIST_ARM,GS2,G,0,10.5,3.159242,,,0,0.3060084,0.3250539,0.4234046,-0.2854679,2.257825,W3,C0,24
9/13/2022 17:34,13,WRIST_ARM,GS2,G,0,7.5,2.437166,,,0,0.3060084,0.3250539,7.164259,-0.0332098,332.313,W3,C0,25
9/13/2022 17:35,13,WRIST_ARM,GS2,G,0,10.5,4.062851,,,0,0.3060084,0.3250539,10.00916,-0.1490687,340.9976,W3,C0,26
9/13/2022 17:35,13,WRIST_ARM,GS2,G,0,10.5,4.399288,,,0,0.3060084,0.3250539,0.4230556,-0.03345168,335.0484,W3,C0,27
9/13/2022 17:35,13,WRIST_ARM,GS2,G,5,10.5,4.081568,,,0,0.3060084,0.3250539,0.4877555,0.04228067,323.1253,W3,C0,28
9/13/2022 17:35,13,WRIST_ARM,GS2,G,0,10.5,2.769613,,,0,0.3060084,0.3250539,10.11438,4.876731,346.4195,W3,C0,29
9/13/2022 17:35,13,WRIST_ARM,GS2,G,5,10.5,2.673838,,,0,0.2782147,0.2782147,9.915484,-4.904948,323.6358,W3,C0,30
9/13/2022 17:41,13,WRIST_ARM,GS2,G,0,7.5,1.653312,,,1,0.246722,0.2860471,0.4388638,-0.2073438,352.0648,W3,C1,1
9/13/2022 17:41,13,WRIST_ARM,GS2,G,0,7.5,2.117685,,,0,0.246722,0.2860471,6.926744,-0.2420205,355.4559,W3,C1,2
9/13/2022 17:41,13,WRIST_ARM,GS2,G,0,10.5,1.508516667,,,1,0.246722,0.2860471,10.01649,-0.1779069,348.5193,W3,C1,3
9/13/2022 17:41,13,WRIST_ARM,GS2,G,0,7.5,2.272571,,,0,0.246722,0.2860471,6.9274,-0.2333292,354.1313,W3,C1,4
9/13/2022 17:41,13,WRIST_ARM,GS2,G,5,10.5,1.670860667,,,0,0.2983413,0.3329474,10.04821,-4.956609,323.2661,W3,C1,5
9/13/2022 17:41,13,WRIST_ARM,GS2,G,0,7.5,3.035867,,,0,0.3641697,0.3641697,7.014657,4.60004,18.50324,W3,C1,6
9/13/2022 17:41,13,WRIST_ARM,GS2,G,5,10.5,2.00522,,,0,0.2892119,0.2892119,10.07302,-4.938621,323.483,W3,C1,7
9/13/2022 17:41,13,WRIST_ARM,GS2,G,0,10.5,3.156613333,,,0,0.2892119,0.2892119,10.00031,4.676265,5.603338,W3,C1,8
9/13/2022 17:41,13,WRIST_ARM,GS2,G,5,7.5,2.515989,,,0,0.3420959,0.3692666,7.103746,-4.947467,323.7168,W3,C1,9
9/13/2022 17:41,13,WRIST_ARM,GS2,G,0,7.5,2.439687,,,0,0.3420959,0.3692666,6.992548,4.606961,18.04985,W3,C1,10
9/13/2022 17:41,13,WRIST_ARM,GS2,G,0,10.5,1.917889,,,0,0.3761494,0.3761494,10.10094,-0.09314585,342.325,W3,C1,11
9/13/2022 17:41,13,WRIST_ARM,GS2,G,5,10.5,1.728328667,,,0,0.262043,0.262043,9.921353,-4.947838,325.1675,W3,C1,12
9/13/2022 17:41,13,WRIST_ARM,GS2,G,0,10.5,2.477324,,,0,0.262043,0.262043,10.10705,4.734409,0.2929737,W3,C1,13
9/13/2022 17:41,13,WRIST_ARM,GS2,G,0,7.5,2.604226,,,0,0.2240041,0.2240041,6.960319,-0.2088701,350.8665,W3,C1,14
9/13/2022 17:41,13,WRIST_ARM,GS2,G,0,10.5,1.829387333,,,0,0.3111962,0.3111962,10.05985,-0.0623312,339.7671,W3,C1,15
9/13/2022 17:41,13,WRIST_ARM,GS2,G,5,10.5,2.349670667,,,0,0.2644468,0.2644468,0.5972294,0.1128902,325.0751,W3,C1,16
9/13/2022 17:42,13,WRIST_ARM,GS2,G,0,7.5,3.675195,,,0,0.2644468,0.2644468,7.112178,4.667716,9.913628,W3,C1,17
9/13/2022 17:42,13,WRIST_ARM,GS2,G,5,10.5,2.699566,,,0,0.3530298,12.64753,9.927935,-4.910664,326.5666,W3,C1,18
9/13/2022 17:42,13,WRIST_ARM,GS2,G,0,10.5,2.354564333,,,1,0.3530298,12.64753,10.1216,4.759321,357.5415,W3,C1,19
9/13/2022 17:42,13,WRIST_ARM,GS2,G,0,10.5,2.4206,,,0,0.2378477,0.2378477,9.867558,-0.1528089,348.319,W3,C1,20
9/13/2022 17:42,13,WRIST_ARM,GS2,G,5,7.5,1.527649,,,0,0.2378477,0.2378477,7.117754,-4.941399,321.7724,W3,C1,21
9/13/2022 17:42,13,WRIST_ARM,GS2,G,0,7.5,2.852026,,,0,0.2378477,0.2378477,7.02594,4.606956,17.96911,W3,C1,22
9/13/2022 17:42,13,WRIST_ARM,GS2,G,5,7.5,2.700799333,,,0,0.2378477,0.2378477,0.38537,0.08001852,318.9262,W3,C1,23
9/13/2022 17:42,13,WRIST_ARM,GS2,G,0,10.5,1.791967,,,0,0.2378477,0.2378477,10.00605,4.658643,10.99442,W3,C1,24
9/13/2022 17:42,13,WRIST_ARM,GS2,G,0,10.5,1.602964,,,0,0.2781623,0.2781623,10.05422,-0.09042776,342.6596,W3,C1,25
9/13/2022 17:42,13,WRIST_ARM,GS2,G,5,7.5,2.324619,,,0,0.2781623,0.2781623,6.99264,-4.92135,323.3136,W3,C1,26
9/13/2022 17:42,13,WRIST_ARM,GS2,G,0,10.5,3.427870667,,,1,0.2813134,0.2813134,0.4020912,-0.2355781,357.9418,W3,C1,27
9/13/2022 17:42,13,WRIST_ARM,GS2,G,0,7.5,2.658724,,,0,0.3014872,0.3014872,0.5478747,-0.2201613,350.4595,W3,C1,28
9/13/2022 17:42,13,WRIST_ARM,GS2,G,0,7.5,2.159677,,,0,0.2436934,0.3534222,0.4604201,-0.1732666,351.9301,W3,C1,29
9/13/2022 17:42,13,WRIST_ARM,GS2,G,5,7.5,1.98153,,,0,0.2436934,0.3534222,0.5468081,0.05711126,324.6008,W3,C1,30
9/13/2022 17:43,13,WRIST_ARM,GS2,G,0,10.5,2.417117,,,2,0.4018236,0.4015956,0.4386383,-0.1039373,340.4817,W3,C1,1
9/13/2022 17:43,13,WRIST_ARM,GS2,G,0,10.5,2.844992,,,0,0.4018236,0.4015956,9.937243,-0.1417444,347.2691,W3,C1,2
9/13/2022 17:43,13,WRIST_ARM,GS2,G,0,10.5,2.710113,,,0,0.4018236,0.4015956,10.08052,-0.06458104,338.0822,W3,C1,3
9/13/2022 17:43,13,WRIST_ARM,GS2,G,5,10.5,1.975352667,,,0,0.3321649,0.2897267,0.5802361,0.1224251,323.9134,W3,C1,4
9/13/2022 17:43,13,WRIST_ARM,GS2,G,0,10.5,2.577509,,,0,0.3033161,0.3257768,10.0775,4.763577,356.9741,W3,C1,5
9/13/2022 17:43,13,WRIST_ARM,GS2,G,5,10.5,6.457876,,,0,0.3033161,0.3257768,0.5776128,0.1055241,324.133,W3,C1,6
9/13/2022 17:43,13,WRIST_ARM,GS2,G,0,7.5,3.174409,,,0,0.2226124,0.2226124,7.119708,4.667431,10.87303,W3,C1,7
9/13/2022 17:43,13,WRIST_ARM,GS2,G,0,10.5,2.955102333,,,0,0.2226124,0.2226124,9.940078,-0.1367185,347.7737,W3,C1,8
9/13/2022 17:44,13,WRIST_ARM,GS2,G,5,7.5,3.282027667,,,1,0.2226124,0.2226124,7.083611,-4.963841,321.9318,W3,C1,9
9/13/2022 17:44,13,WRIST_ARM,GS2,G,0,10.5,0.947948,,,0,0.2055322,0.2055322,9.944664,4.68153,8.374363,W3,C1,10
9/13/2022 17:44,13,WRIST_ARM,GS2,G,5,10.5,6.043328,,,0,0.2055322,0.2055322,10.09872,-4.935795,322.8878,W3,C1,11
9/13/2022 17:44,13,WRIST_ARM,GS2,G,0,7.5,2.562064,,,0,0.2055322,0.2055322,7.021039,4.62452,18.71155,W3,C1,12
9/13/2022 17:44,13,WRIST_ARM,GS2,G,0,7.5,2.574142,,,0,0.2706817,0.2706817,7.123374,-0.1062604,339.6699,W3,C1,13
9/13/2022 17:44,13,WRIST_ARM,GS2,G,0,7.5,2.758334,,,0,0.2706817,0.2706817,6.907545,-0.2124382,355.7818,W3,C1,14
9/13/2022 17:44,13,WRIST_ARM,GS2,G,5,7.5,1.604093,,,0,0.3149252,0.3149252,0.4352803,0.05800486,320.8085,W3,C1,15
9/13/2022 17:44,13,WRIST_ARM,GS2,G,0,10.5,2.245658667,,,0,0.3713789,0.3318081,0.4600157,-0.3189559,5.118453,W3,C1,16
9/13/2022 17:44,13,WRIST_ARM,GS2,G,5,7.5,4.138074333,,,0,0.2412722,0.2412722,0.418158,0.0767293,322.9906,W3,C1,17
9/13/2022 17:44,13,WRIST_ARM,GS2,G,0,7.5,2.658007,,,0,0.2858891,0.2858891,0.4246343,-0.3690139,16.81601,W3,C1,18
9/13/2022 17:44,13,WRIST_ARM,GS2,G,0,10.5,1.387324667,,,0,0.3397597,0.3397597,0.4511665,-0.1041696,340.5437,W3,C1,19
9/13/2022 17:44,13,WRIST_ARM,GS2,G,0,7.5,4.732053,,,0,0.2306583,0.2306583,6.880966,-0.1944712,357.5603,W3,C1,20
9/13/2022 17:44,13,WRIST_ARM,GS2,G,0,10.5,2.966475,,,0,0.2306583,0.2306583,10.01906,-0.1223987,344.5433,W3,C1,21
9/13/2022 17:44,13,WRIST_ARM,GS2,G,5,10.5,1.801573,,,0,0.2306583,0.2306583,9.963668,-4.928988,323.4391,W3,C1,22
9/13/2022 17:44,13,WRIST_ARM,GS2,G,0,7.5,3.439402,,,0,0.2950512,0.2950512,0.3290783,-0.281867,2.013438,W3,C1,23
9/13/2022 17:44,13,WRIST_ARM,GS2,G,5,7.5,2.380885,,,0,0.3216711,0.3216711,0.5377544,0.08264399,321.0474,W3,C1,24
9/13/2022 17:44,13,WRIST_ARM,GS2,G,0,7.5,2.240932,,,0,0.3796602,0.3796602,0.3443761,-0.2976451,5.477297,W3,C1,25
9/13/2022 17:44,13,WRIST_ARM,GS2,G,0,10.5,2.520143,,,0,0.3034883,0.2631803,9.935891,-0.1372876,346.9659,W3,C1,26
9/13/2022 17:45,13,WRIST_ARM,GS2,G,5,10.5,1.832475333,,,0,0.3034883,0.2631803,0.4297163,0.07181883,322.0489,W3,C1,27
9/13/2022 17:45,13,WRIST_ARM,GS2,G,0,7.5,2.418302,,,0,0.3034883,0.2631803,7.089684,4.65309,10.34422,W3,C1,28
9/13/2022 17:45,13,WRIST_ARM,GS2,G,0,7.5,3.009839,,,0,0.3034883,0.2631803,7.11841,-0.0964011,339.4191,W3,C1,29
9/13/2022 17:45,13,WRIST_ARM,GS2,G,5,7.5,2.310067,,,0,0.2667323,0.2667323,7.010085,-4.974598,321.1873,W3,C1,30
9/13/2022 17:50,13,WRIST_ARM,GS2,G,0,7.5,1.861531,,,2,0.2366321,0.2366321,0.4207867,-0.1904578,346.9217,W3,C2,1
9/13/2022 17:50,13,WRIST_ARM,GS2,G,0,10.5,2.381117,,,0,0.3494551,0.3313839,0.5171218,-0.1894714,350.0993,W3,C2,2
9/13/2022 17:50,13,WRIST_ARM,GS2,G,0,7.5,1.836898,,,0,0.2812016,0.2812016,7.096158,-0.1737173,345.3382,W3,C2,3
9/13/2022 17:50,13,WRIST_ARM,GS2,G,0,10.5,2.478667,,,0,0.309997,0.2723765,0.5829553,-0.1534481,349.161,W3,C2,4
9/13/2022 17:50,13,WRIST_ARM,GS2,G,0,10.5,2.199218,,,0,0.267056,0.267056,0.4493659,-0.1352375,340.533,W3,C2,5
9/13/2022 17:50,13,WRIST_ARM,GS2,G,5,7.5,3.843777,,,1,0.2530052,0.2530052,6.896338,-4.939587,322.4482,W3,C2,6
9/13/2022 17:50,13,WRIST_ARM,GS2,G,0,10.5,2.437602,,,0,0.2530052,0.2530052,0.3965892,-0.2757359,0.1726111,W3,C2,7
9/13/2022 17:50,13,WRIST_ARM,GS2,G,0,7.5,3.520325,,,0,0.2530052,0.2530052,0.547873,-0.223122,355.0315,W3,C2,8
9/13/2022 17:50,13,WRIST_ARM,GS2,G,5,7.5,5.278965,,,0,0.237953,0.237953,7.124115,-4.920151,320.5183,W3,C2,9
9/13/2022 17:50,13,WRIST_ARM,GS2,G,0,10.5,2.423471,,,0,0.237161,0.237161,0.4495985,-0.3046075,5.874782,W3,C2,10
9/13/2022 17:50,13,WRIST_ARM,GS2,G,5,7.5,2.599408,,,0,0.237161,0.237161,7.104773,-4.937605,320.8621,W3,C2,11
9/13/2022 17:50,13,WRIST_ARM,GS2,G,0,7.5,1.980389,,,0,0.2762238,0.2762238,0.4722034,-0.3699213,21.03658,W3,C2,12
9/13/2022 17:51,13,WRIST_ARM,GS2,G,0,10.5,2.97753,,,1,0.2762238,0.2762238,10.00954,-0.1339815,343.7126,W3,C2,13
9/13/2022 17:51,13,WRIST_ARM,GS2,G,5,7.5,2.421791,,,0,0.2762238,0.2762238,0.5288814,0.05442953,324.0537,W3,C2,14
9/13/2022 17:51,13,WRIST_ARM,GS2,G,0,7.5,3.760504,,,0,0.2762238,0.2762238,0.3332691,-0.2735583,1.952501,W3,C2,15
9/13/2022 17:51,13,WRIST_ARM,GS2,G,0,7.5,2.47702,,,0,0.2762238,0.2762238,6.931863,-0.1975141,353.4944,W3,C2,16
9/13/2022 17:51,13,WRIST_ARM,GS2,G,5,10.5,3.092666,,,0,0.3646703,0.3646703,10.03933,-4.90424,324.7099,W3,C2,17
9/13/2022 17:51,13,WRIST_ARM,GS2,G,0,10.5,2.641375,,,0,0.3421899,0.3140194,9.95814,4.701586,10.42881,W3,C2,18
9/13/2022 17:51,13,WRIST_ARM,GS2,G,0,7.5,2.246076,,,0,0.3421899,0.3140194,0.4299348,-0.1705739,347.6041,W3,C2,19
9/13/2022 17:51,13,WRIST_ARM,GS2,G,5,10.5,3.602533,,,0,0.3421899,0.3140194,0.5486614,0.07313108,325.7765,W3,C2,20
9/13/2022 17:51,13,WRIST_ARM,GS2,G,0,10.5,2.215111,,,0,0.3069462,2.281305,10.12316,4.765657,357.4432,W3,C2,21
9/13/2022 17:51,13,WRIST_ARM,GS2,G,5,10.5,3.20198,,,0,0.3320063,0.3320063,9.903044,-4.94018,326.1313,W3,C2,22
9/13/2022 17:51,13,WRIST_ARM,GS2,G,0,7.5,2.061224,,,0,0.3320063,0.3320063,0.3510977,-0.3051363,6.510682,W3,C2,23
9/13/2022 17:51,13,WRIST_ARM,GS2,G,0,10.5,2.476637,,,0,0.3389263,0.3389263,9.905993,-0.1332262,348.9547,W3,C2,24
9/13/2022 17:51,13,WRIST_ARM,GS2,G,5,10.5,3.077959,,,0,0.3204443,11.46254,10.09267,-4.949472,323.3269,W3,C2,25
9/13/2022 17:51,13,WRIST_ARM,GS2,G,0,7.5,2.64458,,,0,0.2969317,0.2969317,0.4604492,-0.3745016,21.84099,W3,C2,26
9/13/2022 17:51,13,WRIST_ARM,GS2,G,5,7.5,1.922909,,,0,0.2969317,0.2969317,7.043068,-4.939662,322.5865,W3,C2,27
9/13/2022 17:51,13,WRIST_ARM,GS2,G,0,10.5,2.489478,,,0,0.230454,0.230454,9.928286,4.683174,9.844207,W3,C2,28
9/13/2022 17:51,13,WRIST_ARM,GS2,G,0,7.5,1.77103,,,0,0.2963865,0.2963865,7.099793,-0.1902092,350.7143,W3,C2,29
9/13/2022 17:51,13,WRIST_ARM,GS2,G,5,10.5,3.717472,,,0,0.2723491,0.2723491,0.5770168,0.07415771,325.7251,W3,C2,30
9/13/2022 17:53,13,WRIST_ARM,GS2,G,0,10.5,3.256269,,,3,0.25069,0.25069,0.4370746,-0.1148933,338.5863,W3,C2,1
9/13/2022 17:53,13,WRIST_ARM,GS2,G,0,7.5,2.617996,,,0,0.3099457,0.3099457,0.5021089,-0.230641,352.818,W3,C2,2
9/13/2022 17:53,13,WRIST_ARM,GS2,G,5,10.5,4.595923,,,0,0.3099457,0.3099457,10.10979,-4.897575,320.0436,W3,C2,3
9/13/2022 17:53,13,WRIST_ARM,GS2,G,0,7.5,4.371842,,,1,0.3808756,0.3262952,7.029096,4.642472,16.55534,W3,C2,4
9/13/2022 17:53,13,WRIST_ARM,GS2,G,5,10.5,3.017371,,,0,0.3808756,0.3262952,0.4870108,0.07882738,324.2067,W3,C2,5
9/13/2022 17:53,13,WRIST_ARM,GS2,G,0,10.5,2.872365,,,0,0.2052697,0.2326583,10.02117,4.695008,8.340586,W3,C2,6
9/13/2022 17:53,13,WRIST_ARM,GS2,G,0,10.5,2.363543,,,0,0.3442089,3.273782,0.4807595,-0.1290781,347.0484,W3,C2,7
9/13/2022 17:53,13,WRIST_ARM,GS2,G,5,10.5,2.896784,,,0,0.3442089,3.273782,9.90833,-4.923771,325.4565,W3,C2,8
9/13/2022 17:53,13,WRIST_ARM,GS2,G,0,7.5,3.424297,,,0,0.3237135,0.3237135,7.112046,4.724933,2.220736,W3,C2,9
9/13/2022 17:53,13,WRIST_ARM,GS2,G,0,7.5,2.45107,,,0,0.2732638,0.2732638,6.947637,-0.2106384,354.2232,W3,C2,10
9/13/2022 17:53,13,WRIST_ARM,GS2,G,5,7.5,3.551203,,,1,0.2732638,0.2732638,0.4879553,0.05055809,321.9996,W3,C2,11
9/13/2022 17:54,13,WRIST_ARM,GS2,G,0,10.5,2.660599,,,0,0.2925208,0.2925208,0.4711104,-0.2883731,9.074178,W3,C2,12
9/13/2022 17:54,13,WRIST_ARM,GS2,G,5,7.5,2.37675,,,0,0.2946298,0.2946298,7.079978,-4.939255,320.8456,W3,C2,13
9/13/2022 17:54,13,WRIST_ARM,GS2,G,0,10.5,3.077714,,,0,0.255212,0.255212,9.965098,4.698847,6.42594,W3,C2,14
9/13/2022 17:54,13,WRIST_ARM,GS2,G,5,7.5,3.704613,,,1,0.2572357,0.2572357,7.087049,-4.944643,322.102,W3,C2,15
9/13/2022 17:54,13,WRIST_ARM,GS2,G,0,7.5,2.241764,,,0,0.284129,0.284129,7.03655,4.646782,15.94586,W3,C2,16
9/13/2022 17:54,13,WRIST_ARM,GS2,G,5,7.5,2.629406,,,0,0.2698613,12.35755,7.127112,-4.942098,321.3225,W3,C2,17
9/13/2022 17:54,13,WRIST_ARM,GS2,G,0,7.5,2.199783,,,0,0.2629185,0.2629185,6.970857,4.649043,18.42595,W3,C2,18
9/13/2022 17:54,13,WRIST_ARM,GS2,G,5,7.5,4.206145,,,2,0.2296308,0.2296308,7.127361,-4.932007,321.1241,W3,C2,19
9/13/2022 17:54,13,WRIST_ARM,GS2,G,0,10.5,3.701366,,,1,0.2848743,0.2848743,10.00326,4.723865,2.923819,W3,C2,20
9/13/2022 17:54,13,WRIST_ARM,GS2,G,0,10.5,2.981038,,,0,0.3579332,0.2873363,0.4339101,-0.05997467,337.4568,W3,C2,21
9/13/2022 17:54,13,WRIST_ARM,GS2,G,0,7.5,2.129625,,,0,0.2904674,5.338719,6.892689,-0.1923875,353.3183,W3,C2,22
9/13/2022 17:54,13,WRIST_ARM,GS2,G,0,10.5,3.301316,,,0,0.3184347,0.3184347,10.04387,-0.08506668,341.196,W3,C2,23
9/13/2022 17:54,13,WRIST_ARM,GS2,G,5,10.5,3.563044,,,0,0.2461656,0.3626262,9.918011,-4.945753,324.472,W3,C2,24
9/13/2022 17:54,13,WRIST_ARM,GS2,G,0,7.5,3.215488,,,0,0.2958543,0.2958543,7.150314,4.726544,0.6847274,W3,C2,25
9/13/2022 17:54,13,WRIST_ARM,GS2,G,0,10.5,2.170822,,,0,0.2527874,0.2527874,9.974612,-0.1408159,344.1669,W3,C2,26
9/13/2022 17:54,13,WRIST_ARM,GS2,G,0,7.5,1.797087,,,0,0.2956201,0.2956201,7.098092,-0.1596962,345.681,W3,C2,27
9/13/2022 17:54,13,WRIST_ARM,GS2,G,0,7.5,1.863889,,,0,0.2528536,0.2528536,7.011547,-0.2052171,350.8322,W3,C2,28
9/13/2022 17:54,13,WRIST_ARM,GS2,G,0,10.5,2.217505,,,0,0.2993559,0.2993559,10.02789,-0.1060002,342.1443,W3,C2,29
9/13/2022 17:54,13,WRIST_ARM,GS2,G,5,10.5,4.258584,,,0,0.3257893,0.4344479,0.5613807,0.08162069,325.5099,W3,C2,30
