timestamp,participant_id,technique,gesture_set,pointer_type,height,distance,checkpoint_time,object_view_time,total_time,mistake_count,d_from_center,d_from_center_with_spike,arm_distance,arm_height,wrist_angle,personalization_type,curveCombo,pointerHand,confirmationType,targetSize,combo_index
2/8/2023 12:16,2,CONTROLLER,GS2,G,0,5.5,1.202948,0.3475914,1.202948,0,0.4145345,0.4145345,0,0,0,W2,C3,righthand,righthand,0.7,1
2/8/2023 12:16,2,CONTROLLER,GS2,G,5,5.5,2.392961,0.3337761,3.595908,0,0.4145345,0.4145345,0,0,0,W2,C3,righthand,righthand,0.9,2
2/8/2023 12:16,2,CONTROLLER,GS2,G,0,11,2.106177,0.8633484,5.702087,0,0.5121905,0.5121905,0,0,0,W2,C3,righthand,righthand,0.9,3
2/8/2023 12:16,2,CONTROLLER,GS2,G,0,11,1.697088,0.3484099,7.399173,0,0.5121905,0.5121905,0,0,0,W2,C3,righthand,righthand,0.9,4
2/8/2023 12:16,2,CONTROLLER,GS2,G,0,11,1.519125,0.44442,8.9183,0,0.4482068,0.442646,0,0,0,W2,C3,righthand,righthand,0.9,5
2/8/2023 12:16,2,CONTROLLER,GS2,G,5,11,2.851145,0.2788489,11.76944,0,0.2466348,0.2466348,0,0,0,W2,C3,righthand,righthand,0.5,6
2/8/2023 12:16,2,CONTROLLER,GS2,G,0,5.5,1.687966,0.6687312,13.45741,0,0.2871006,0.2835014,0,0,0,W2,C3,righthand,righthand,0.7,7
2/8/2023 12:16,2,CONTROLLER,GS2,G,5,5.5,2.114359,0.7354789,15.57178,0,0.2871006,0.2835014,0,0,0,W2,C3,righthand,righthand,0.5,8
2/8/2023 12:16,2,CONTROLLER,GS2,G,0,5.5,1.54664,0.5428423,17.11842,0,0.4399537,0.4418544,0,0,0,W2,C3,righthand,righthand,0.9,9
2/8/2023 12:16,2,CONTROLLER,GS2,G,5,5.5,1.557142,0.5689155,18.67556,0,0.4547711,0.4559774,0,0,0,W2,C3,righthand,righthand,0.9,10
2/8/2023 12:16,2,CONTROLLER,GS2,G,0,5.5,1.715206,0.8362607,20.39077,0,0.4547711,0.4559774,0,0,0,W2,C3,righthand,righthand,0.5,11
2/8/2023 12:16,2,CONTROLLER,GS2,G,0,11,1.625784,0.2648695,22.01655,0,0.3098268,0.3098268,0,0,0,W2,C3,righthand,righthand,0.7,12
2/8/2023 12:16,2,CONTROLLER,GS2,G,0,5.5,1.395563,0.5013686,23.41211,0,0.4063373,0.4043046,0,0,0,W2,C3,righthand,righthand,0.7,13
2/8/2023 12:16,2,CONTROLLER,GS2,G,0,11,1.75166,0.2224934,25.16377,0,0.2444057,0.2444057,0,0,0,W2,C3,righthand,righthand,0.5,14
2/8/2023 12:16,2,CONTROLLER,GS2,G,5,11,3.73705,0.4725417,28.90084,0,0.2444057,0.2444057,0,0,0,W2,C3,righthand,righthand,0.5,15
2/8/2023 12:16,2,CONTROLLER,GS2,G,0,5.5,1.969729,0.9247079,30.87056,0,0.205265,0.1924158,0,0,0,W2,C3,righthand,righthand,0.5,16
2/8/2023 12:16,2,CONTROLLER,GS2,G,5,11,2.511907,0.5572967,33.38247,0,0.4698431,0.473779,0,0,0,W2,C3,righthand,righthand,0.7,17
2/8/2023 12:16,2,CONTROLLER,GS2,G,0,11,2.596096,0.4291869,35.97857,1,0.3065942,0.3065942,0,0,0,W2,C3,righthand,righthand,0.5,18
2/8/2023 12:16,2,CONTROLLER,GS2,G,0,5.5,1.2712,0.39031,37.24977,0,0.3065942,0.3065942,0,0,0,W2,C3,righthand,righthand,0.5,19
2/8/2023 12:16,2,CONTROLLER,GS2,G,5,11,3.604354,0.2789082,40.8541,0,0.5485746,0.5637221,0,0,0,W2,C3,righthand,righthand,0.9,20
2/8/2023 12:16,2,CONTROLLER,GS2,G,0,5.5,1.784865,0.8371541,42.63898,0,0.2011925,0.1989495,0,0,0,W2,C3,righthand,righthand,0.5,21
2/8/2023 12:16,2,CONTROLLER,GS2,G,0,11,1.415854,0.2369197,44.05482,0,0.4463164,0.4463164,0,0,0,W2,C3,righthand,righthand,0.9,22
2/8/2023 12:16,2,CONTROLLER,GS2,G,0,5.5,1.481256,0.5997306,45.53606,0,0.4463164,0.4463164,0,0,0,W2,C3,righthand,righthand,0.7,23
2/8/2023 12:16,2,CONTROLLER,GS2,G,0,11,1.527883,0.2504021,47.06396,0,0.43977,0.43977,0,0,0,W2,C3,righthand,righthand,0.7,24
2/8/2023 12:16,2,CONTROLLER,GS2,G,0,11,1.757953,0.3751336,48.82192,0,0.43977,0.43977,0,0,0,W2,C3,righthand,righthand,0.5,25
2/8/2023 12:16,2,CONTROLLER,GS2,G,0,5.5,1.541379,0.3065393,50.36329,0,0.3227178,0.323745,0,0,0,W2,C3,righthand,righthand,0.7,26
2/8/2023 12:16,2,CONTROLLER,GS2,G,5,5.5,1.339622,0.3056746,51.70291,0,0.3955967,0.3948326,0,0,0,W2,C3,righthand,righthand,0.7,27
2/8/2023 12:16,2,CONTROLLER,GS2,G,0,5.5,1.930843,0.9134215,53.63372,0,0.5092484,0.5075805,0,0,0,W2,C3,righthand,righthand,0.9,28
2/8/2023 12:16,2,CONTROLLER,GS2,G,0,5.5,1.158637,0.2923087,54.79237,0,0.5092484,0.5075805,0,0,0,W2,C3,righthand,righthand,0.9,29
2/8/2023 12:17,2,CONTROLLER,GS2,G,5,11,2.58882,0.2783231,57.38118,0,0.2343064,4.638799,0,0,0,W2,C3,righthand,righthand,0.5,30
2/8/2023 12:17,2,CONTROLLER,GS2,G,0,11,1.741799,0.4440165,59.12298,0,0.2343064,4.638799,0,0,0,W2,C3,righthand,righthand,0.7,31
2/8/2023 12:17,2,CONTROLLER,GS2,G,5,5.5,1.43178,0.4998865,60.55478,0,0.2343064,4.638799,0,0,0,W2,C3,righthand,righthand,0.7,32
2/8/2023 12:17,2,CONTROLLER,GS2,G,0,5.5,1.686754,0.8501068,62.24151,0,0.2343064,4.638799,0,0,0,W2,C3,righthand,righthand,0.7,33
2/8/2023 12:17,2,CONTROLLER,GS2,G,5,11,2.88025,0.3208632,65.12177,0,0.376119,0.3633822,0,0,0,W2,C3,righthand,righthand,0.7,34
2/8/2023 12:17,2,CONTROLLER,GS2,G,0,11,1.839269,0.3751048,66.96107,0,0.4402111,0.4403446,0,0,0,W2,C3,righthand,righthand,0.7,35
2/8/2023 12:17,2,CONTROLLER,GS2,G,5,11,2.392473,0.3064722,69.35357,0,0.3466637,0.3888533,0,0,0,W2,C3,righthand,righthand,0.7,36
2/8/2023 12:17,2,CONTROLLER,GS2,G,0,5.5,2.425165,0.5308351,71.7787,1,0.5946621,0.5822518,0,0,0,W2,C3,righthand,righthand,0.9,37
2/8/2023 12:17,2,CONTROLLER,GS2,G,0,11,2.002266,0.4323356,73.78097,0,0.5946621,0.5822518,0,0,0,W2,C3,righthand,righthand,0.5,38
2/8/2023 12:17,2,CONTROLLER,GS2,G,0,11,2.022278,0.3754368,75.80327,0,0.2943691,0.2918032,0,0,0,W2,C3,righthand,righthand,0.5,39
2/8/2023 12:17,2,CONTROLLER,GS2,G,0,11,1.667132,0.3611019,77.47036,0,0.2943691,0.2918032,0,0,0,W2,C3,righthand,righthand,0.9,40
2/8/2023 12:17,2,CONTROLLER,GS2,G,5,5.5,1.368559,0.3763462,78.83892,0,0.2943691,0.2918032,0,0,0,W2,C3,righthand,righthand,0.9,41
2/8/2023 12:17,2,CONTROLLER,GS2,G,0,5.5,2.180614,1.081281,81.01954,0,0.2244158,0.212525,0,0,0,W2,C3,righthand,righthand,0.5,42
2/8/2023 12:17,2,CONTROLLER,GS2,G,0,5.5,1.395931,0.5311167,82.41547,0,0.2580924,0.2592705,0,0,0,W2,C3,righthand,righthand,0.5,43
2/8/2023 12:17,2,CONTROLLER,GS2,G,5,5.5,1.864431,0.5548051,84.27988,1,0.3338069,0.3297678,0,0,0,W2,C3,righthand,righthand,0.5,44
2/8/2023 12:17,2,CONTROLLER,GS2,G,0,5.5,1.573716,0.6958367,85.8536,0,0.5627937,0.5630897,0,0,0,W2,C3,righthand,righthand,0.9,45
2/8/2023 12:17,2,CONTROLLER,GS2,G,5,5.5,2.058865,0.7095187,87.91247,0,0.3334086,0.3334086,0,0,0,W2,C3,righthand,righthand,0.7,46
2/8/2023 12:17,2,CONTROLLER,GS2,G,0,5.5,1.408705,0.6699824,89.32119,0,0.5965332,0.5977848,0,0,0,W2,C3,righthand,righthand,0.9,47
2/8/2023 12:17,2,CONTROLLER,GS2,G,0,11,1.640782,0.3488029,90.96199,0,0.413623,0.2966484,0,0,0,W2,C3,righthand,righthand,0.7,48
2/8/2023 12:17,2,CONTROLLER,GS2,G,5,11,2.440324,0.4187548,93.40234,0,0.6419433,0.6380773,0,0,0,W2,C3,righthand,righthand,0.9,49
2/8/2023 12:17,2,CONTROLLER,GS2,G,0,11,1.49871,0.3887757,94.90105,0,0.3964644,0.3964644,0,0,0,W2,C3,righthand,righthand,0.7,50
2/8/2023 12:17,2,CONTROLLER,GS2,G,5,11,2.581348,0.5311148,97.48236,0,0.3964644,0.3964644,0,0,0,W2,C3,righthand,righthand,0.9,51
2/8/2023 12:17,2,CONTROLLER,GS2,G,0,11,2.00071,0.5268807,99.48306,0,0.2474565,0.2350619,0,0,0,W2,C3,righthand,righthand,0.5,52
2/8/2023 12:17,2,CONTROLLER,GS2,G,0,11,1.660257,0.3199487,101.1433,0,0.5436373,0.6266138,0,0,0,W2,C3,righthand,righthand,0.9,53
2/8/2023 12:17,2,CONTROLLER,GS2,G,5,5.5,1.988684,0.6523933,103.132,0,0.2370471,0.2301685,0,0,0,W2,C3,righthand,righthand,0.5,54
2/8/2023 12:18,2,WRIST_ARM,GS2,G,0,5.5,1.549542,0.6523933,1.549542,0,0.6101357,0.6101357,0.3432346,-0.1434622,343.3398,W2,C3,righthand,righthand,0.9,1
2/8/2023 12:18,2,WRIST_ARM,GS2,G,5,5.5,2.238782,0.4561405,3.788325,0,0.6101357,0.6101357,4.282747,-4.94485,311.6926,W2,C3,righthand,righthand,0.5,2
2/8/2023 12:18,2,WRIST_ARM,GS2,G,0,11,1.910116,0.5137601,5.698442,0,0.4733788,0.4733788,11.099,4.929821,343.2047,W2,C3,righthand,righthand,0.9,3
2/8/2023 12:19,2,WRIST_ARM,GS2,G,5,5.5,2.002313,0.6798492,7.700756,0,0.3104339,0.2705327,4.307611,-4.957165,309.0365,W2,C3,righthand,righthand,0.5,4
2/8/2023 12:19,2,WRIST_ARM,GS2,G,0,5.5,2.467119,0.486241,10.16788,0,0.2088125,0.2088125,0.2404919,-0.2633647,0.3778044,W2,C3,righthand,righthand,0.5,5
2/8/2023 12:19,2,WRIST_ARM,GS2,G,5,5.5,1.458512,0.3466676,11.62639,0,0.3420232,0.412311,5.527253,-4.90942,315.612,W2,C3,righthand,righthand,0.7,6
2/8/2023 12:19,2,WRIST_ARM,GS2,G,0,11,2.355412,0.3337236,13.98179,0,0.2956111,0.2956111,10.3082,4.825783,345.1063,W2,C3,righthand,righthand,0.5,7
2/8/2023 12:19,2,WRIST_ARM,GS2,G,5,11,1.682658,0.2934891,15.66445,0,0.2956111,0.2956111,10.58232,-4.933848,314.8587,W2,C3,righthand,righthand,0.5,8
2/8/2023 12:19,2,WRIST_ARM,GS2,G,0,5.5,2.13222,0.458306,17.79667,0,0.2493532,0.2493532,5.211198,4.702571,2.111015,W2,C3,righthand,righthand,0.5,9
2/8/2023 12:19,2,WRIST_ARM,GS2,G,0,5.5,1.305825,0.1954884,19.10249,0,0.2493532,0.2493532,5.890308,-0.1627172,350.0948,W2,C3,righthand,righthand,0.9,10
2/8/2023 12:19,2,WRIST_ARM,GS2,G,5,5.5,1.980702,1.073918,21.08319,0,0.2493532,0.2493532,5.188172,-4.906271,312.1461,W2,C3,righthand,righthand,0.9,11
2/8/2023 12:19,2,WRIST_ARM,GS2,G,0,5.5,2.097266,0.813368,23.18046,0,0.2330385,0.2330385,4.387589,4.566197,21.52142,W2,C3,righthand,righthand,0.5,12
2/8/2023 12:19,2,WRIST_ARM,GS2,G,0,11,2.482251,0.4184087,25.66272,0,0.2330385,0.2330385,11.18325,0.04694223,324.6156,W2,C3,righthand,righthand,0.9,13
2/8/2023 12:19,2,WRIST_ARM,GS2,G,5,11,1.724735,0.2229618,27.38744,0,0.2330385,0.2330385,0.4881994,0.07631779,315.6578,W2,C3,righthand,righthand,0.7,14
2/8/2023 12:19,2,WRIST_ARM,GS2,G,0,11,2.090762,0.4583176,29.47819,0,0.2330385,0.2330385,10.34912,4.830525,344.5218,W2,C3,righthand,righthand,0.5,15
2/8/2023 12:19,2,WRIST_ARM,GS2,G,5,5.5,1.389453,0.4856126,30.86765,0,0.2330385,0.2330385,5.445686,-4.892107,312.7357,W2,C3,righthand,righthand,0.7,16
2/8/2023 12:19,2,WRIST_ARM,GS2,G,0,5.5,3.0935,0.4882889,33.96115,1,0.2330385,0.2330385,4.95514,4.638853,13.6886,W2,C3,righthand,righthand,0.5,17
2/8/2023 12:19,2,WRIST_ARM,GS2,G,0,11,1.54266,0.3344331,35.5038,0,0.4227817,3.580889,10.94364,-0.09940553,339.3629,W2,C3,righthand,righthand,0.7,18
2/8/2023 12:19,2,WRIST_ARM,GS2,G,0,5.5,1.381768,0.3478532,36.88555,0,0.4227817,3.580889,5.162294,-0.1733302,344.4719,W2,C3,righthand,righthand,0.7,19
2/8/2023 12:19,2,WRIST_ARM,GS2,G,0,11,2.572549,0.1936445,39.45809,0,0.4227817,3.580889,10.14785,-0.1905004,337.9388,W2,C3,righthand,righthand,0.5,20
2/8/2023 12:19,2,WRIST_ARM,GS2,G,0,5.5,1.772211,0.3898856,41.23032,0,0.4227817,3.580889,0.332341,-0.1831402,342.7205,W2,C3,righthand,righthand,0.7,21
2/8/2023 12:19,2,WRIST_ARM,GS2,G,5,11,1.597409,0.1932951,42.82772,0,0.2211283,12.1119,10.13068,-4.95442,314.6961,W2,C3,righthand,righthand,0.5,22
2/8/2023 12:19,2,WRIST_ARM,GS2,G,0,5.5,3.761388,0.6969365,46.58913,1,0.2211283,12.1119,5.204356,4.681752,10.65196,W2,C3,righthand,righthand,0.5,23
2/8/2023 12:19,2,WRIST_ARM,GS2,G,5,11,2.128492,0.3480292,48.71762,0,0.2211283,12.1119,11.36344,-4.878518,315.9873,W2,C3,righthand,righthand,0.9,24
2/8/2023 12:19,2,WRIST_ARM,GS2,G,0,5.5,1.3242,0.4448296,50.04183,0,0.3472716,2.025913,4.629862,4.61742,11.66117,W2,C3,righthand,righthand,0.5,25
2/8/2023 12:19,2,WRIST_ARM,GS2,G,0,11,2.127996,0.2378236,52.16986,0,0.4292088,0.4292088,0.4445463,-0.09313166,336.7972,W2,C3,righthand,righthand,0.7,26
2/8/2023 12:19,2,WRIST_ARM,GS2,G,0,5.5,1.158603,0.3342194,53.32846,0,0.4292088,0.4292088,5.153124,-0.176152,343.6579,W2,C3,righthand,righthand,0.7,27
2/8/2023 12:19,2,WRIST_ARM,GS2,G,0,11,3.742318,0.1379966,57.0708,2,0.4292088,0.4292088,10.18979,-0.1513108,337.6217,W2,C3,righthand,righthand,0.5,28
2/8/2023 12:19,2,WRIST_ARM,GS2,G,0,11,2.439736,0.3615636,59.51053,0,0.5643222,2.468642,11.12335,0.04201293,328.2919,W2,C3,righthand,righthand,0.9,29
2/8/2023 12:19,2,WRIST_ARM,GS2,G,5,5.5,1.612429,0.5544878,61.12297,0,0.3805938,0.3805938,4.680972,-4.93903,311.5461,W2,C3,righthand,righthand,0.7,30
2/8/2023 12:19,2,WRIST_ARM,GS2,G,0,5.5,1.868056,0.6819755,62.99102,0,0.3805938,0.3805938,0.2298035,-0.2474064,356.1005,W2,C3,righthand,righthand,0.9,31
2/8/2023 12:19,2,WRIST_ARM,GS2,G,0,11,2.488564,0.3626869,65.47956,0,0.3805938,0.3805938,10.21398,-0.1529891,337.2697,W2,C3,righthand,righthand,0.7,32
2/8/2023 12:20,2,WRIST_ARM,GS2,G,5,11,2.2853,0.7959644,67.76488,0,0.3805938,0.3805938,10.90325,-4.845413,316.4416,W2,C3,righthand,righthand,0.9,33
2/8/2023 12:20,2,WRIST_ARM,GS2,G,0,11,1.821344,0.6108705,69.58624,0,0.3484388,0.480454,0.3741571,-0.2704755,356.7188,W2,C3,righthand,righthand,0.7,34
2/8/2023 12:20,2,WRIST_ARM,GS2,G,5,11,1.662737,0.4615951,71.24895,0,0.3484388,0.480454,0.4265999,0.09213638,318.441,W2,C3,righthand,righthand,0.7,35
2/8/2023 12:20,2,WRIST_ARM,GS2,G,0,11,1.817362,0.4019064,73.0663,0,0.2667039,0.2667039,0.3559051,-0.2175142,352.2764,W2,C3,righthand,righthand,0.5,36
2/8/2023 12:20,2,WRIST_ARM,GS2,G,0,5.5,1.116964,0.2646177,74.18324,0,0.2667039,0.2667039,5.733969,-0.1241074,337.9795,W2,C3,righthand,righthand,0.9,37
2/8/2023 12:20,2,WRIST_ARM,GS2,G,5,5.5,1.500756,0.568679,75.68402,0,0.4371036,0.4371036,5.11763,-4.940974,312.7176,W2,C3,righthand,righthand,0.9,38
2/8/2023 12:20,2,WRIST_ARM,GS2,G,0,11,3.804459,0.3197429,79.48849,1,0.4648367,0.5419355,0.3299452,-0.1291636,339.1154,W2,C3,righthand,righthand,0.7,39
2/8/2023 12:20,2,WRIST_ARM,GS2,G,0,11,1.778765,0.3065554,81.26725,1,0.4957008,0.4957008,10.96966,-0.1084849,336.9894,W2,C3,righthand,righthand,0.9,40
2/8/2023 12:20,2,WRIST_ARM,GS2,G,0,11,1.855822,0.4046693,83.12301,0,0.4957008,0.4957008,10.37327,-0.05578375,329.1691,W2,C3,righthand,righthand,0.7,41
2/8/2023 12:20,2,WRIST_ARM,GS2,G,0,11,1.485582,0.2785184,84.60858,0,0.5987733,0.5987733,0.463877,-0.1337986,338.549,W2,C3,righthand,righthand,0.9,42
2/8/2023 12:20,2,WRIST_ARM,GS2,G,0,11,4.221093,0.4181372,88.82967,1,0.532037,0.532037,10.61712,-0.005812645,326.6113,W2,C3,righthand,righthand,0.9,43
2/8/2023 12:20,2,WRIST_ARM,GS2,G,5,5.5,1.472897,0.3904139,90.30257,0,0.529748,0.4529159,5.060592,-4.918886,312.2998,W2,C3,righthand,righthand,0.9,44
2/8/2023 12:20,2,WRIST_ARM,GS2,G,0,5.5,1.925209,0.7814589,92.22779,0,0.529748,0.4529159,0.2411798,-0.3062695,10.13659,W2,C3,righthand,righthand,0.7,45
2/8/2023 12:20,2,WRIST_ARM,GS2,G,5,11,1.778477,0.3742925,94.00626,0,0.5298377,0.5298377,10.96216,-4.904316,317.725,W2,C3,righthand,righthand,0.9,46
2/8/2023 12:20,2,WRIST_ARM,GS2,G,0,5.5,1.157197,0.7258278,95.16345,0,0.4422538,0.4422538,5.199531,4.729706,2.391877,W2,C3,righthand,righthand,0.9,47
2/8/2023 12:20,2,WRIST_ARM,GS2,G,0,5.5,1.126595,0.5020686,96.29012,0,0.5915201,0.7011673,5.121259,-0.2196343,349.0678,W2,C3,righthand,righthand,0.9,48
2/8/2023 12:20,2,WRIST_ARM,GS2,G,5,11,2.148224,0.3492628,98.43833,0,0.2204532,0.2952637,9.994792,-4.930982,317.0237,W2,C3,righthand,righthand,0.5,49
2/8/2023 12:20,2,WRIST_ARM,GS2,G,0,11,2.209516,0.4436026,100.6479,0,0.2533067,0.2533067,0.3800667,-0.2449473,354.0001,W2,C3,righthand,righthand,0.5,50
2/8/2023 12:20,2,WRIST_ARM,GS2,G,5,11,2.342869,0.6283057,102.9907,0,0.3630108,0.3630108,10.82164,-4.828237,317.6585,W2,C3,righthand,righthand,0.7,51
2/8/2023 12:20,2,WRIST_ARM,GS2,G,0,5.5,2.028829,0.9154745,105.0195,0,0.3630108,0.3630108,5.135835,4.612273,23.99788,W2,C3,righthand,righthand,0.7,52
2/8/2023 12:20,2,WRIST_ARM,GS2,G,0,5.5,1.143858,0.2656061,106.1634,0,0.4047402,0.4156743,5.151776,-0.219636,346.0373,W2,C3,righthand,righthand,0.7,53
2/8/2023 12:20,2,WRIST_ARM,GS2,G,5,5.5,2.226472,0.694261,108.3898,0,0.2605933,14.38989,4.722938,-4.988581,312.9927,W2,C3,righthand,righthand,0.5,54
2/8/2023 12:22,3,WRIST_ARM,GS2,G,0,5.5,1.712475,0.694261,1.712475,12,0.3028532,0.3028532,5.167195,-0.2465063,349.7809,W2,C3,righthand,righthand,0.5,1
2/8/2023 12:22,3,WRIST_ARM,GS2,G,0,5.5,4.067257,0.6820519,5.779729,1,0.3028532,0.3028532,5.495012,-0.1526288,344.1759,W2,C3,righthand,righthand,0.7,2
2/8/2023 12:22,3,WRIST_ARM,GS2,G,5,5.5,7.780341,3.217496,13.56007,0,0.3028532,0.3028532,4.755083,-4.993022,307.9762,W2,C3,righthand,righthand,0.5,3
2/8/2023 12:22,3,WRIST_ARM,GS2,G,0,11,3.774443,0.7339298,17.33451,0,0.6402709,0.6402709,11.27152,4.946669,340.3807,W2,C3,righthand,righthand,0.9,4
2/8/2023 12:23,3,WRIST_ARM,GS2,G,5,5.5,2.81029,1.111921,20.14479,0,0.6402709,0.6402709,0.428105,0.09496355,310.2949,W2,C3,righthand,righthand,0.7,5
2/8/2023 12:23,3,WRIST_ARM,GS2,G,0,11,2.730796,0.583128,22.87558,0,0.6402709,0.6402709,10.35712,4.863791,344.663,W2,C3,righthand,righthand,0.5,6
2/8/2023 12:23,3,WRIST_ARM,GS2,G,5,11,3.117571,0.390577,25.99316,0,0.3228108,11.79735,10.53909,-4.916853,316.5983,W2,C3,righthand,righthand,0.5,7
2/8/2023 12:23,3,WRIST_ARM,GS2,G,0,5.5,2.480743,0.681518,28.47389,0,0.3228108,11.79735,5.532253,4.778865,6.405777,W2,C3,righthand,righthand,0.7,8
2/8/2023 12:23,3,WRIST_ARM,GS2,G,0,11,5.650895,0.3620193,34.12479,0,0.2058752,0.2058752,0.4533804,-0.1521522,343.5572,W2,C3,righthand,righthand,0.5,9
2/8/2023 12:23,3,WRIST_ARM,GS2,G,5,5.5,3.454273,1.088747,37.57907,0,0.5577368,0.5577368,5.792635,-4.866514,313.6303,W2,C3,righthand,righthand,0.9,10
2/8/2023 12:23,3,WRIST_ARM,GS2,G,0,11,2.640501,0.4847313,40.21954,0,0.6024975,0.6024975,10.56587,4.714326,3.51908,W2,C3,righthand,righthand,0.9,11
2/8/2023 12:23,3,WRIST_ARM,GS2,G,5,5.5,2.944308,0.5731579,43.16384,0,0.4198301,15.05849,0.4015705,0.07629156,313.434,W2,C3,righthand,righthand,0.7,12
2/8/2023 12:23,3,WRIST_ARM,GS2,G,0,5.5,2.50074,0.9423742,45.66458,0,0.3022163,0.3022163,4.797607,4.577609,29.02154,W2,C3,righthand,righthand,0.5,13
2/8/2023 12:23,3,WRIST_ARM,GS2,G,5,11,15.51258,0.419178,61.17718,0,0.3022163,0.3022163,11.2243,-4.888353,318.8095,W2,C3,righthand,righthand,0.9,14
2/8/2023 12:23,3,WRIST_ARM,GS2,G,0,5.5,2.543449,0.9579247,63.72065,0,0.6181973,0.5675311,0.3098952,-0.3930711,26.13403,W2,C3,righthand,righthand,0.9,15
2/8/2023 12:23,3,WRIST_ARM,GS2,G,5,5.5,2.539604,0.529282,66.26023,0,0.4151335,0.5438291,4.871885,-4.96503,311.7133,W2,C3,righthand,righthand,0.7,16
2/8/2023 12:23,3,WRIST_ARM,GS2,G,0,11,3.352703,0.4565157,69.61292,0,0.4151335,0.5438291,10.56809,4.72263,1.588025,W2,C3,righthand,righthand,0.7,17
2/8/2023 12:23,3,WRIST_ARM,GS2,G,0,11,3.692337,0.4208564,73.30527,0,0.5470759,0.5470759,0.4223725,-0.07178605,335.6407,W2,C3,righthand,righthand,0.9,18
2/8/2023 12:23,3,WRIST_ARM,GS2,G,0,11,2.920307,0.3338966,76.22554,0,0.2139527,3.444337,0.4721231,-0.1684368,347.6808,W2,C3,righthand,righthand,0.5,19
2/8/2023 12:23,3,WRIST_ARM,GS2,G,0,5.5,2.229966,0.3327203,78.45551,0,0.4444792,0.4444792,5.420495,-0.15514,350.9304,W2,C3,righthand,righthand,0.7,20
2/8/2023 12:24,3,WRIST_ARM,GS2,G,0,5.5,1.540124,0.3201316,79.99565,0,0.4444792,0.4444792,5.470345,-0.1827883,352.3093,W2,C3,righthand,righthand,0.9,21
2/8/2023 12:24,3,WRIST_ARM,GS2,G,0,5.5,1.745234,0.3068669,81.74088,0,0.4444792,0.4444792,0.3554655,-0.2036582,354.5245,W2,C3,righthand,righthand,0.9,22
2/8/2023 12:24,3,WRIST_ARM,GS2,G,5,11,4.034885,0.2639539,85.77578,0,0.3620048,0.3620048,10.11954,-4.939247,317.9699,W2,C3,righthand,righthand,0.7,23
2/8/2023 12:24,3,WRIST_ARM,GS2,G,0,11,3.482938,0.4308017,89.25871,0,0.2775932,0.2775932,10.35678,4.803533,350.0872,W2,C3,righthand,righthand,0.5,24
2/8/2023 12:24,3,WRIST_ARM,GS2,G,0,5.5,2.518262,0.3348059,91.77695,0,0.4732533,0.4732533,5.471205,-0.1988012,353.653,W2,C3,righthand,righthand,0.7,25
2/8/2023 12:24,3,WRIST_ARM,GS2,G,0,11,2.566271,0.3067062,94.34322,0,0.5607605,0.5666804,0.427599,-0.08409572,337.9357,W2,C3,righthand,righthand,0.9,26
2/8/2023 12:24,3,WRIST_ARM,GS2,G,0,11,7.081655,0.3472936,101.4249,0,0.4399332,0.4259747,10.10489,-0.19419,345.7164,W2,C3,righthand,righthand,0.7,27
2/8/2023 12:24,3,WRIST_ARM,GS2,G,5,5.5,3.012201,0.9640194,104.4372,0,0.4399332,0.4259747,5.407493,-4.863439,312.1164,W2,C3,righthand,righthand,0.9,28
2/8/2023 12:24,3,WRIST_ARM,GS2,G,0,5.5,2.207655,1.094006,106.6448,0,0.5204519,0.5204519,4.733226,4.543137,30.51611,W2,C3,righthand,righthand,0.7,29
2/8/2023 12:24,3,WRIST_ARM,GS2,G,5,11,3.597991,0.4743606,110.2428,0,0.5204519,0.5204519,10.62721,-4.943575,315.3693,W2,C3,righthand,righthand,0.7,30
2/8/2023 12:24,3,WRIST_ARM,GS2,G,0,11,2.220696,0.4993826,112.4636,0,0.5204519,0.5204519,10.56595,4.703856,3.477763,W2,C3,righthand,righthand,0.7,31
2/8/2023 12:24,3,WRIST_ARM,GS2,G,0,5.5,1.552369,0.4054738,114.016,0,0.2502814,0.2502814,4.912202,-0.233443,352.7422,W2,C3,righthand,righthand,0.5,32
2/8/2023 12:24,3,WRIST_ARM,GS2,G,5,11,3.462853,0.2923149,117.4789,0,0.3544569,0.3544569,10.86113,-4.827555,317.7703,W2,C3,righthand,righthand,0.7,33
2/8/2023 12:24,3,WRIST_ARM,GS2,G,0,5.5,3.317014,1.03283,120.7959,0,0.2409468,0.2409468,4.981685,4.648218,17.60415,W2,C3,righthand,righthand,0.5,34
2/8/2023 12:24,3,WRIST_ARM,GS2,G,0,5.5,1.805633,0.4039266,122.6015,0,0.2409468,0.2409468,5.827422,-0.168219,353.2384,W2,C3,righthand,righthand,0.9,35
2/8/2023 12:24,3,WRIST_ARM,GS2,G,5,5.5,3.041061,0.8679748,125.6425,0,0.2960401,0.2960401,4.548526,-4.890555,309.9216,W2,C3,righthand,righthand,0.5,36
2/8/2023 12:24,3,WRIST_ARM,GS2,G,0,11,2.192082,0.4717557,127.8346,0,0.5033095,0.5033095,11.3157,4.753204,2.531367,W2,C3,righthand,righthand,0.9,37
2/8/2023 12:24,3,WRIST_ARM,GS2,G,0,11,2.051023,0.3347544,129.8857,0,0.55544,0.55544,10.57127,-0.1166919,343.2275,W2,C3,righthand,righthand,0.9,38
2/8/2023 12:24,3,WRIST_ARM,GS2,G,5,5.5,2.435192,0.664487,132.3208,0,0.4215576,0.4215576,0.5154257,0.1729121,310.9959,W2,C3,righthand,righthand,0.9,39
2/8/2023 12:24,3,WRIST_ARM,GS2,G,0,11,5.499998,0.6679217,137.8208,1,0.5855338,0.5855338,0.3727856,-0.1979183,357.7898,W2,C3,righthand,righthand,0.7,40
2/8/2023 12:25,3,WRIST_ARM,GS2,G,5,11,3.478637,0.4179608,141.2995,0,0.2369363,0.2369363,10.06587,-4.863253,318.1212,W2,C3,righthand,righthand,0.5,41
2/8/2023 12:25,3,WRIST_ARM,GS2,G,0,11,2.062634,0.6133717,143.3621,0,0.3253955,0.3253955,10.5958,4.792222,0.06650215,W2,C3,righthand,righthand,0.5,42
2/8/2023 12:25,3,WRIST_ARM,GS2,G,0,5.5,2.00297,0.4048967,145.3651,0,0.3702565,0.3702565,0.5105556,-0.2538061,358.0704,W2,C3,righthand,righthand,0.7,43
2/8/2023 12:25,3,WRIST_ARM,GS2,G,5,11,3.735877,0.3899545,149.101,0,0.4786366,0.4786366,0.5262609,0.1904922,318.0804,W2,C3,righthand,righthand,0.9,44
2/8/2023 12:25,3,WRIST_ARM,GS2,G,0,5.5,1.957241,0.9555151,151.0583,0,0.496884,0.496884,5.12638,4.579449,28.02804,W2,C3,righthand,righthand,0.9,45
2/8/2023 12:25,3,WRIST_ARM,GS2,G,0,5.5,2.10712,0.8528038,153.1655,0,0.6421455,0.6421455,5.128689,-0.1674623,354.4471,W2,C3,righthand,righthand,0.9,46
2/8/2023 12:25,3,WRIST_ARM,GS2,G,0,5.5,4.451018,0.3623597,157.6166,1,0.2790771,0.2790771,4.236091,-0.3428465,358.4354,W2,C3,righthand,righthand,0.5,47
2/8/2023 12:25,3,WRIST_ARM,GS2,G,5,5.5,4.446163,0.740525,162.0627,0,0.2569838,0.2569838,0.4637124,0.1811461,312.4054,W2,C3,righthand,righthand,0.5,48
2/8/2023 12:25,3,WRIST_ARM,GS2,G,0,11,3.280341,0.4863389,165.343,0,0.3306484,2.594314,10.5623,4.691702,3.294223,W2,C3,righthand,righthand,0.5,49
2/8/2023 12:25,3,WRIST_ARM,GS2,G,0,11,3.179955,0.5304664,168.523,0,0.3306484,2.594314,0.4522384,-0.1043501,340.7818,W2,C3,righthand,righthand,0.7,50
2/8/2023 12:25,3,WRIST_ARM,GS2,G,5,11,3.518386,0.3617254,172.0415,0,0.3306484,2.594314,10.02371,-4.886765,317.7902,W2,C3,righthand,righthand,0.5,51
2/8/2023 12:25,3,WRIST_ARM,GS2,G,0,5.5,2.771404,1.225891,174.8129,0,0.3251928,0.3251928,5.237309,4.646948,19.08107,W2,C3,righthand,righthand,0.5,52
2/8/2023 12:25,3,WRIST_ARM,GS2,G,0,11,2.866559,0.3914207,177.6794,0,0.414574,0.3734334,10.867,-0.1314962,346.0234,W2,C3,righthand,righthand,0.7,53
2/8/2023 12:25,3,WRIST_ARM,GS2,G,5,11,3.08183,0.1956273,180.7612,0,0.414574,0.3734334,0.5367956,0.1658263,318.92,W2,C3,righthand,righthand,0.9,54
2/8/2023 12:26,3,CONTROLLER,GS2,G,0,11,2.115719,0.1956273,2.115719,1,0.3173867,0.3278928,0,0,0,W2,C3,righthand,righthand,0.7,1
2/8/2023 12:26,3,CONTROLLER,GS2,G,5,11,3.527043,0.4594889,5.642761,0,0.3173867,0.3278928,0,0,0,W2,C3,righthand,righthand,0.7,2
2/8/2023 12:26,3,CONTROLLER,GS2,G,0,11,2.891548,0.5130725,8.534307,0,0.5372525,0.5372525,0,0,0,W2,C3,righthand,righthand,0.9,3
2/8/2023 12:26,3,CONTROLLER,GS2,G,5,11,3.611027,0.4315063,12.14534,0,0.5372525,0.5372525,0,0,0,W2,C3,righthand,righthand,0.9,4
2/8/2023 12:26,3,CONTROLLER,GS2,G,0,11,2.415803,0.5120041,14.56114,0,0.2236259,0.2236259,0,0,0,W2,C3,righthand,righthand,0.5,5
2/8/2023 12:26,3,CONTROLLER,GS2,G,0,11,2.400336,0.4181811,16.96148,0,0.2236259,0.2236259,0,0,0,W2,C3,righthand,righthand,0.9,6
2/8/2023 12:26,3,CONTROLLER,GS2,G,0,11,2.5012,0.3775006,19.46269,0,0.460484,0.461308,0,0,0,W2,C3,righthand,righthand,0.9,7
2/8/2023 12:27,3,CONTROLLER,GS2,G,5,5.5,3.052301,0.9643879,22.51499,0,0.460484,0.461308,0,0,0,W2,C3,righthand,righthand,0.7,8
2/8/2023 12:27,3,CONTROLLER,GS2,G,0,11,3.05993,0.7348377,25.57492,0,0.2177894,0.2177894,0,0,0,W2,C3,righthand,righthand,0.5,9
2/8/2023 12:27,3,CONTROLLER,GS2,G,5,5.5,2.343717,0.3906143,27.91863,0,0.2177894,0.2177894,0,0,0,W2,C3,righthand,righthand,0.7,10
2/8/2023 12:27,3,CONTROLLER,GS2,G,0,11,3.057063,0.4980724,30.9757,0,0.3656576,0.3656576,0,0,0,W2,C3,righthand,righthand,0.7,11
2/8/2023 12:27,3,CONTROLLER,GS2,G,0,11,1.871843,0.4755808,32.84754,0,0.5934387,0.5934387,0,0,0,W2,C3,righthand,righthand,0.9,12
2/8/2023 12:27,3,CONTROLLER,GS2,G,5,11,3.937101,0.3893569,36.78466,0,0.4842325,0.4842325,0,0,0,W2,C3,righthand,righthand,0.9,13
2/8/2023 12:27,3,CONTROLLER,GS2,G,0,11,2.299805,0.652877,39.08445,0,0.5065563,0.5065563,0,0,0,W2,C3,righthand,righthand,0.7,14
2/8/2023 12:27,3,CONTROLLER,GS2,G,5,5.5,2.335376,0.4706307,41.41985,0,0.5065563,0.5065563,0,0,0,W2,C3,righthand,righthand,0.5,15
2/8/2023 12:27,3,CONTROLLER,GS2,G,0,5.5,3.621034,1.156529,45.04089,0,0.5065563,0.5065563,0,0,0,W2,C3,righthand,righthand,0.5,16
2/8/2023 12:27,3,CONTROLLER,GS2,G,5,11,4.285578,0.4881628,49.32644,0,0.5065563,0.5065563,0,0,0,W2,C3,righthand,righthand,0.5,17
2/8/2023 12:27,3,CONTROLLER,GS2,G,0,11,2.452393,0.5834658,51.77884,0,0.3138571,0.3138571,0,0,0,W2,C3,righthand,righthand,0.5,18
2/8/2023 12:27,3,CONTROLLER,GS2,G,5,5.5,1.948495,0.4178871,53.72734,0,0.4537389,0.4590477,0,0,0,W2,C3,righthand,righthand,0.9,19
2/8/2023 12:27,3,CONTROLLER,GS2,G,0,11,2.01967,0.4993725,55.74703,0,0.346799,0.346799,0,0,0,W2,C3,righthand,righthand,0.7,20
2/8/2023 12:27,3,CONTROLLER,GS2,G,0,5.5,1.348295,0.348566,57.09531,0,0.346799,0.346799,0,0,0,W2,C3,righthand,righthand,0.9,21
2/8/2023 12:27,3,CONTROLLER,GS2,G,5,5.5,2.428515,0.7000012,59.52383,0,0.346799,0.346799,0,0,0,W2,C3,righthand,righthand,0.5,22
2/8/2023 12:27,3,CONTROLLER,GS2,G,0,5.5,1.733839,0.8553525,61.25768,0,0.346799,0.346799,0,0,0,W2,C3,righthand,righthand,0.7,23
2/8/2023 12:27,3,CONTROLLER,GS2,G,0,5.5,1.327541,0.4745426,62.58521,0,0.346799,0.346799,0,0,0,W2,C3,righthand,righthand,0.9,24
2/8/2023 12:27,3,CONTROLLER,GS2,G,0,5.5,1.081638,0.2648023,63.66685,0,0.346799,0.346799,0,0,0,W2,C3,righthand,righthand,0.9,25
2/8/2023 12:27,3,CONTROLLER,GS2,G,0,11,2.188941,0.36157,65.85577,0,0.346799,0.346799,0,0,0,W2,C3,righthand,righthand,0.5,26
2/8/2023 12:27,3,CONTROLLER,GS2,G,0,5.5,1.249644,0.3347585,67.10539,0,0.3002844,0.2994437,0,0,0,W2,C3,righthand,righthand,0.5,27
2/8/2023 12:27,3,CONTROLLER,GS2,G,0,11,4.460893,0.3889864,71.56629,0,0.283621,0.28511,0,0,0,W2,C3,righthand,righthand,0.5,28
2/8/2023 12:27,3,CONTROLLER,GS2,G,5,11,4.19945,0.4029907,75.76575,0,0.283621,0.28511,0,0,0,W2,C3,righthand,righthand,0.7,29
2/8/2023 12:27,3,CONTROLLER,GS2,G,0,5.5,1.992704,1.589437,77.7584,0,0.283621,0.28511,0,0,0,W2,C3,righthand,righthand,0.9,30
2/8/2023 12:27,3,CONTROLLER,GS2,G,5,5.5,2.003799,0.5011523,79.7622,0,0.4361055,0.4426898,0,0,0,W2,C3,righthand,righthand,0.9,31
2/8/2023 12:27,3,CONTROLLER,GS2,G,0,5.5,1.700768,0.961937,81.46299,0,0.3335186,0.3275426,0,0,0,W2,C3,righthand,righthand,0.7,32
2/8/2023 12:28,3,CONTROLLER,GS2,G,0,5.5,1.403858,0.3908803,82.86687,0,0.4910265,0.4943474,0,0,0,W2,C3,righthand,righthand,0.9,33
2/8/2023 12:28,3,CONTROLLER,GS2,G,5,11,3.066878,0.3051495,85.93375,0,0.4005806,0.4005806,0,0,0,W2,C3,righthand,righthand,0.7,34
2/8/2023 12:28,3,CONTROLLER,GS2,G,0,5.5,1.790917,0.9159712,87.72469,0,0.4012554,0.4012554,0,0,0,W2,C3,righthand,righthand,0.7,35
2/8/2023 12:28,3,CONTROLLER,GS2,G,5,5.5,2.27573,0.5308195,90.00042,0,0.4740452,0.4717697,0,0,0,W2,C3,righthand,righthand,0.7,36
2/8/2023 12:28,3,CONTROLLER,GS2,G,0,11,2.86146,0.4574125,92.86189,0,0.3143975,0.3045826,0,0,0,W2,C3,righthand,righthand,0.7,37
2/8/2023 12:28,3,CONTROLLER,GS2,G,0,5.5,1.995724,0.5589653,94.85764,0,0.293901,0.293901,0,0,0,W2,C3,righthand,righthand,0.5,38
2/8/2023 12:28,3,CONTROLLER,GS2,G,0,11,3.366014,0.4596983,98.22356,0,0.4975511,0.4975511,0,0,0,W2,C3,righthand,righthand,0.9,39
2/8/2023 12:28,3,CONTROLLER,GS2,G,5,11,3.624426,0.431592,101.848,0,0.5214784,0.5214784,0,0,0,W2,C3,righthand,righthand,0.9,40
2/8/2023 12:28,3,CONTROLLER,GS2,G,0,5.5,3.726238,0.984351,105.5742,0,0.2389645,0.2389645,0,0,0,W2,C3,righthand,righthand,0.5,41
2/8/2023 12:28,3,CONTROLLER,GS2,G,0,5.5,1.019128,0.4325579,1.019128,1,0.2389645,0.2389645,0,0,0,W2,C3,righthand,righthand,0.9,1
2/8/2023 12:29,3,CONTROLLER,GS2,G,5,11,3.39889,0.2889731,4.418019,0,0.2389645,0.2389645,0,0,0,W2,C3,righthand,righthand,0.9,2
2/8/2023 12:29,3,CONTROLLER,GS2,G,0,5.5,2.139408,1.553031,6.557428,0,0.2610476,0.2610476,0,0,0,W2,C3,righthand,righthand,0.5,3
2/8/2023 12:29,3,CONTROLLER,GS2,G,5,5.5,1.89791,0.4305845,8.455338,0,0.594441,0.6047668,0,0,0,W2,C3,righthand,righthand,0.9,4
2/8/2023 12:29,3,CONTROLLER,GS2,G,0,11,2.724511,0.4856828,11.17985,0,0.3225624,0.3225624,0,0,0,W2,C3,righthand,righthand,0.7,5
2/8/2023 12:29,3,CONTROLLER,GS2,G,0,5.5,1.702585,0.3215722,12.88243,0,0.3225624,0.3225624,0,0,0,W2,C3,righthand,righthand,0.7,6
2/8/2023 12:29,3,CONTROLLER,GS2,G,0,5.5,1.098451,0.2921725,13.98088,0,0.4546617,0.4547489,0,0,0,W2,C3,righthand,righthand,0.9,7
2/8/2023 12:29,3,CONTROLLER,GS2,G,5,11,2.859338,0.3333024,16.84022,0,0.4529248,0.535075,0,0,0,W2,C3,righthand,righthand,0.9,8
2/8/2023 12:29,3,CONTROLLER,GS2,G,0,11,2.430728,0.622632,19.27094,0,0.37863,0.37863,0,0,0,W2,C3,righthand,righthand,0.7,9
2/8/2023 12:29,3,CONTROLLER,GS2,G,0,11,1.701271,0.3339455,20.97221,0,0.4964373,0.5081577,0,0,0,W2,C3,righthand,righthand,0.9,10
2/8/2023 12:29,3,CONTROLLER,GS2,G,5,11,2.767483,0.3063991,23.73969,0,0.2811472,0.2811472,0,0,0,W2,C3,righthand,righthand,0.5,11
2/8/2023 12:29,3,CONTROLLER,GS2,G,0,5.5,1.755715,0.82322,25.49541,0,0.4831678,0.4831678,0,0,0,W2,C3,righthand,righthand,0.9,12
2/8/2023 12:29,3,CONTROLLER,GS2,G,0,5.5,2.073115,0.3633772,27.56853,0,0.4051293,0.4051293,0,0,0,W2,C3,righthand,righthand,0.7,13
2/8/2023 13:42,3,RL,GS2,G,0,11,2.468637,0.3484933,2.468637,2,0.3144145,0.3144145,0.4036482,-0.02852094,329.5489,W2,C3,righthand,lefthand,0.7,1
2/8/2023 13:42,3,RL,GS2,G,0,5.5,2.463668,0.7378988,4.932302,0,0.3006904,0.3006904,4.701324,-0.283663,353.0669,W2,C3,righthand,lefthand,0.5,2
2/8/2023 13:42,3,RL,GS2,G,0,11,1.979465,0.3789239,6.911767,0,0.3006904,0.3006904,11.25004,0.02807987,327.211,W2,C3,righthand,lefthand,0.9,3
2/8/2023 13:42,3,RL,GS2,G,0,11,1.807953,0.2916651,8.71972,0,0.4442422,0.4442422,10.13513,-0.1858686,341.1606,W2,C3,righthand,lefthand,0.7,4
2/8/2023 13:42,3,RL,GS2,G,0,11,1.632608,0.2924694,10.35233,0,0.4442422,0.4442422,10.29103,-0.09256303,333.2873,W2,C3,righthand,lefthand,0.5,5
2/8/2023 13:42,3,RL,GS2,G,5,11,2.754904,0.2920335,13.10724,0,0.4410951,0.4410951,0.4992282,0.07515287,317.224,W2,C3,righthand,lefthand,0.7,6
2/8/2023 13:42,3,RL,GS2,G,0,11,2.702758,0.4993339,15.81,0,0.5476726,0.5476726,0.35319,-0.1590706,343.7721,W2,C3,righthand,lefthand,0.9,7
2/8/2023 13:42,3,RL,GS2,G,0,11,1.836053,0.3074775,17.64606,0,0.5476726,0.5476726,10.61661,-0.08161306,325.3228,W2,C3,righthand,lefthand,0.9,8
2/8/2023 13:42,3,RL,GS2,G,5,5.5,2.523367,1.103599,20.16942,0,0.5476726,0.5476726,0.364107,0.0507617,305.6259,W2,C3,righthand,lefthand,0.7,9
2/8/2023 13:42,3,RL,GS2,G,0,11,2.362697,0.4980593,22.53213,0,0.5476726,0.5476726,10.95467,4.856457,346.011,W2,C3,righthand,lefthand,0.9,10
2/8/2023 13:42,3,RL,GS2,G,5,11,2.788138,0.9349177,25.32026,0,0.6569137,0.6569137,10.64089,-4.922055,314.7216,W2,C3,righthand,lefthand,0.9,11
2/8/2023 13:42,3,RL,GS2,G,0,5.5,3.042664,1.469552,28.36292,0,0.6569137,0.6569137,4.358938,4.557186,26.23516,W2,C3,righthand,lefthand,0.5,12
2/8/2023 13:42,3,RL,GS2,G,5,5.5,1.996398,0.8956611,30.35931,0,0.6569137,0.6569137,5.766891,-4.876419,307.304,W2,C3,righthand,lefthand,0.9,13
2/8/2023 13:42,3,RL,GS2,G,0,5.5,2.306983,0.8706891,32.66629,0,0.376509,0.376509,0.3035596,-0.3881035,28.87604,W2,C3,righthand,lefthand,0.7,14
2/8/2023 13:42,3,RL,GS2,G,5,5.5,2.635885,0.8520196,35.30215,0,0.376509,0.376509,5.480583,-4.902205,311.7797,W2,C3,righthand,lefthand,0.9,15
2/8/2023 13:42,3,RL,GS2,G,0,5.5,2.377665,1.220616,37.67976,0,0.3743362,0.3743362,4.764148,4.553426,29.2469,W2,C3,righthand,lefthand,0.7,16
2/8/2023 13:43,3,RL,GS2,G,5,5.5,2.886985,0.8792003,40.56676,0,0.3743362,0.3743362,5.15545,-4.962378,307.264,W2,C3,righthand,lefthand,0.7,17
2/8/2023 13:43,3,RL,GS2,G,0,11,2.222256,0.5509144,42.78902,0,0.2056326,0.2056326,10.16966,4.729414,354.1129,W2,C3,righthand,lefthand,0.5,18
2/8/2023 13:43,3,RL,GS2,G,0,5.5,1.492119,0.5440344,44.28112,0,0.2056326,0.2056326,5.711549,-0.153271,346.8571,W2,C3,righthand,lefthand,0.9,19
2/8/2023 13:43,3,RL,GS2,G,0,5.5,1.126617,0.208652,45.40774,0,0.3807572,0.3807572,0.3736288,-0.2466216,353.2893,W2,C3,righthand,lefthand,0.7,20
2/8/2023 13:43,3,RL,GS2,G,5,11,2.995237,0.4596274,48.403,0,0.4697048,0.4697048,10.86152,-4.89254,316.0182,W2,C3,righthand,lefthand,0.9,21
2/8/2023 13:43,3,RL,GS2,G,0,5.5,2.099578,1.027769,50.50257,0,0.5279989,0.5279989,5.130252,4.600617,25.11884,W2,C3,righthand,lefthand,0.9,22
2/8/2023 13:43,3,RL,GS2,G,5,11,2.441252,0.474758,52.94383,0,0.5279989,0.5279989,10.36511,-4.979876,318.4726,W2,C3,righthand,lefthand,0.7,23
2/8/2023 13:43,3,RL,GS2,G,0,5.5,1.595981,0.7762179,54.53979,0,0.5279989,0.5279989,5.510992,4.645991,25.22057,W2,C3,righthand,lefthand,0.9,24
2/8/2023 13:43,3,RL,GS2,G,5,5.5,3.569828,0.7273179,58.10961,0,0.2906071,0.2906071,0.3801913,0.08557606,309.4937,W2,C3,righthand,lefthand,0.5,25
2/8/2023 13:43,3,RL,GS2,G,0,11,2.194196,0.553178,60.3038,0,0.4553559,0.4553559,10.98594,4.827471,349.917,W2,C3,righthand,lefthand,0.7,26
2/8/2023 13:43,3,RL,GS2,G,5,5.5,1.966538,0.6140514,62.27033,0,0.596049,0.596049,0.4015949,0.06618357,311.9412,W2,C3,righthand,lefthand,0.9,27
2/8/2023 13:43,3,RL,GS2,G,0,5.5,2.836641,1.165628,65.10699,1,0.3168087,0.3168087,4.354679,4.529966,27.86745,W2,C3,righthand,lefthand,0.5,28
2/8/2023 13:43,3,RL,GS2,G,5,5.5,2.164035,0.7819064,67.27101,0,0.3543598,0.3543598,0.4189393,0.06048298,313.7551,W2,C3,righthand,lefthand,0.5,29
2/8/2023 13:43,3,RL,GS2,G,0,5.5,1.913345,0.7176524,69.18443,0,0.5242395,0.5242395,5.920029,4.673791,20.10212,W2,C3,righthand,lefthand,0.9,30
2/8/2023 13:43,3,RL,GS2,G,0,5.5,1.747051,1.063541,70.9315,0,0.5242395,0.5242395,0.3598988,-0.2447956,346.6124,W2,C3,righthand,lefthand,0.7,31
2/8/2023 13:43,3,RL,GS2,G,5,11,1.833228,0.2077761,72.76473,0,0.4584198,0.4584198,10.55601,-4.948241,318.6939,W2,C3,righthand,lefthand,0.7,32
2/8/2023 13:43,3,RL,GS2,G,0,5.5,1.506764,0.7397928,74.27151,0,0.4584198,0.4584198,5.165942,4.62049,19.65149,W2,C3,righthand,lefthand,0.7,33
2/8/2023 13:43,3,RL,GS2,G,0,11,2.239579,0.2363206,76.51108,0,0.4584198,0.4584198,10.17227,-0.1817251,342.0477,W2,C3,righthand,lefthand,0.5,34
2/8/2023 13:43,3,RL,GS2,G,0,11,2.395782,0.3897834,78.90685,0,0.6935596,0.6935596,11.21286,-0.02403295,333.7043,W2,C3,righthand,lefthand,0.9,35
2/8/2023 13:43,3,RL,GS2,G,5,11,1.543218,0.2361903,80.45012,0,0.3457153,0.3457153,9.767021,-4.990407,315.781,W2,C3,righthand,lefthand,0.5,36
2/8/2023 13:43,3,RL,GS2,G,0,11,2.438961,0.5297417,82.88908,0,0.3457153,0.3457153,10.60829,4.849468,345.2719,W2,C3,righthand,lefthand,0.5,37
2/8/2023 13:43,3,RL,GS2,G,5,5.5,1.849715,0.6263177,84.73879,0,0.3457153,0.3457153,5.102004,-4.969843,312.1354,W2,C3,righthand,lefthand,0.5,38
2/8/2023 13:43,3,RL,GS2,G,0,11,2.006439,0.4313838,86.74525,0,0.4790691,0.4790691,10.92219,4.8909,340.7762,W2,C3,righthand,lefthand,0.7,39
2/8/2023 13:43,3,RL,GS2,G,0,11,1.877613,0.3070976,88.62289,0,0.4446277,0.4446277,10.97875,-0.1371574,337.2833,W2,C3,righthand,lefthand,0.9,40
2/8/2023 13:43,3,RL,GS2,G,0,5.5,1.784584,0.3490887,90.40748,0,0.4446277,0.4446277,4.593274,-0.2514279,344.6434,W2,C3,righthand,lefthand,0.5,41
2/8/2023 13:43,3,RL,GS2,G,5,11,2.294482,0.3337996,92.70199,0,0.3190306,0.3190306,10.56721,-4.973336,314.6593,W2,C3,righthand,lefthand,0.5,42
2/8/2023 13:43,3,RL,GS2,G,0,11,1.826347,0.432639,94.52832,0,0.2678411,0.2678411,10.60821,4.860628,342.3194,W2,C3,righthand,lefthand,0.5,43
2/8/2023 13:43,3,RL,GS2,G,0,5.5,1.682656,0.2099316,96.21099,0,0.2536287,0.2536287,5.118846,-0.2536212,351.4702,W2,C3,righthand,lefthand,0.5,44
2/8/2023 13:43,3,RL,GS2,G,0,5.5,1.617394,0.4316221,97.82841,0,0.3548566,0.3548566,5.178935,-0.1822219,346.137,W2,C3,righthand,lefthand,0.5,45
2/8/2023 13:43,3,RL,GS2,G,5,5.5,2.336746,0.5691868,100.1652,0,0.3305104,0.3870628,5.523778,-4.920386,307.7217,W2,C3,righthand,lefthand,0.7,46
2/8/2023 13:44,3,RL,GS2,G,0,11,1.923567,0.5714428,102.0887,0,0.3305104,0.3870628,0.3462817,-0.1724366,344.6985,W2,C3,righthand,lefthand,0.7,47
2/8/2023 13:44,3,RL,GS2,G,0,5.5,1.182517,0.2221443,103.2712,0,0.3305104,0.3870628,0.3965163,-0.2165989,347.3526,W2,C3,righthand,lefthand,0.9,48
2/8/2023 13:44,3,RL,GS2,G,0,5.5,1.22716,0.3200243,104.4983,0,0.4549529,0.4549529,4.885481,-0.2376328,346.5302,W2,C3,righthand,lefthand,0.7,49
2/8/2023 13:44,3,RL,GS2,G,0,11,1.570153,0.2077914,106.0685,0,0.3338848,0.3338848,0.4147773,-0.113584,332.0553,W2,C3,righthand,lefthand,0.7,50
2/8/2023 13:44,3,RL,GS2,G,5,11,1.980306,0.2921935,108.0488,0,0.2831895,0.2831895,10.33914,-4.947327,316.5475,W2,C3,righthand,lefthand,0.5,51
2/8/2023 13:44,3,RL,GS2,G,0,11,1.82033,0.6384963,109.8691,0,0.32575,0.32575,10.57152,4.756242,354.4411,W2,C3,righthand,lefthand,0.5,52
2/8/2023 13:44,3,RL,GS2,G,0,5.5,1.521619,0.4471599,111.3908,0,0.32575,0.32575,0.338535,-0.17878,344.5671,W2,C3,righthand,lefthand,0.9,53
2/8/2023 13:44,3,RL,GS2,G,5,11,2.336195,0.1239519,113.7269,0,0.5319548,0.5192888,10.57886,-4.951846,314.9184,W2,C3,righthand,lefthand,0.9,54
2/8/2023 13:44,3,RL,GS2,G,0,11,2.76122,0.1239519,2.76122,3,0.3239966,0.3239966,0.4088242,-0.05885184,329.3351,W2,C3,righthand,lefthand,0.5,1
2/8/2023 13:44,3,RL,GS2,G,0,11,2.363044,0.2905513,5.124263,0,0.3809059,0.3809059,10.94784,-0.1137096,338.0329,W2,C3,righthand,lefthand,0.7,2
2/8/2023 13:44,3,RL,GS2,G,5,5.5,2.008875,0.7965435,7.133135,0,0.3809059,0.3809059,4.831113,-4.971907,313.9828,W2,C3,righthand,lefthand,0.5,3
2/8/2023 13:44,3,RL,GS2,G,0,5.5,1.890347,0.7202221,9.023484,0,0.4498892,0.5635166,0.3005534,-0.3753691,15.41855,W2,C3,righthand,lefthand,0.9,4
2/8/2023 13:44,3,RL,GS2,G,0,5.5,1.617763,0.2641121,10.64125,0,0.3546405,0.3546405,4.608155,-0.2937187,352.2118,W2,C3,righthand,lefthand,0.5,5
2/8/2023 13:44,3,RL,GS2,G,0,5.5,0.9994828,0.208445,11.64073,0,0.4992371,0.4992371,5.888154,-0.1772861,350.421,W2,C3,righthand,lefthand,0.9,6
2/8/2023 13:44,3,RL,GS2,G,0,11,2.021045,0.2776653,13.66178,0,0.6044889,0.6044889,10.61356,-0.05529094,332.3369,W2,C3,righthand,lefthand,0.9,7
2/8/2023 13:44,3,RL,GS2,G,0,11,3.88255,0.2784154,17.54433,0,0.5298993,0.5298993,10.50601,-0.2049159,347.3281,W2,C3,righthand,lefthand,0.9,8
2/8/2023 13:44,3,RL,GS2,G,0,5.5,1.659003,0.5292105,19.20334,0,0.3574475,0.3574475,4.687005,-0.2683817,349.3236,W2,C3,righthand,lefthand,0.5,9
2/8/2023 13:44,3,RL,GS2,G,0,11,2.016864,0.3344067,21.22021,0,0.4324464,0.4324464,11.35009,-0.08604252,338.3277,W2,C3,righthand,lefthand,0.9,10
2/8/2023 13:44,3,RL,GS2,G,5,5.5,1.800023,0.9218407,23.02024,0,0.4324464,0.4324464,5.158278,-4.919628,310.821,W2,C3,righthand,lefthand,0.9,11
2/8/2023 13:44,3,RL,GS2,G,0,11,1.591466,0.4671642,24.61171,0,0.2818677,0.2818677,9.764458,4.690107,358.0945,W2,C3,righthand,lefthand,0.5,12
2/8/2023 13:45,3,RL,GS2,G,0,11,2.289789,0.2803608,26.9015,0,0.2545339,0.2545339,0.4178387,-0.03065157,333.4787,W2,C3,righthand,lefthand,0.5,13
2/8/2023 13:45,3,RL,GS2,G,0,11,1.849804,0.2084384,28.75131,0,0.4832053,0.4832053,11.34787,-0.07888436,342.7449,W2,C3,righthand,lefthand,0.9,14
2/8/2023 13:45,3,RL,GS2,G,0,5.5,1.269257,0.4180124,30.02057,0,0.3494346,0.3494346,4.890264,-0.2364048,350.2601,W2,C3,righthand,lefthand,0.7,15
2/8/2023 13:45,3,RL,GS2,G,5,11,2.642798,0.2362548,32.66336,0,0.3494346,0.3494346,10.12607,-4.906388,315.7749,W2,C3,righthand,lefthand,0.5,16
2/8/2023 13:45,3,RL,GS2,G,0,11,1.839999,0.5010334,34.50337,0,0.3494346,0.3494346,10.88716,4.878849,346.6987,W2,C3,righthand,lefthand,0.7,17
2/8/2023 13:45,3,RL,GS2,G,5,5.5,2.156854,0.7646756,36.66024,0,0.3698213,0.3698213,5.153471,-4.954781,307.9272,W2,C3,righthand,lefthand,0.7,18
2/8/2023 13:45,3,RL,GS2,G,0,5.5,2.339766,0.9613098,39.00002,0,0.3248169,0.3248169,5.190145,4.739421,0.7385534,W2,C3,righthand,lefthand,0.7,19
2/8/2023 13:45,3,RL,GS2,G,0,5.5,1.224578,0.2795399,40.22459,0,0.3248169,0.3248169,0.3799728,-0.2122321,349.3348,W2,C3,righthand,lefthand,0.7,20
2/8/2023 13:45,3,RL,GS2,G,0,5.5,1.366379,0.4042831,41.59097,0,0.3248169,0.3248169,4.947556,-0.1766529,340.5524,W2,C3,righthand,lefthand,0.5,21
2/8/2023 13:45,3,RL,GS2,G,5,11,1.849936,0.1247045,43.4409,0,0.3248169,0.3248169,0.4582861,0.05757332,315.6524,W2,C3,righthand,lefthand,0.9,22
2/8/2023 13:45,3,RL,GS2,G,0,11,2.03423,0.3611459,45.47513,0,0.3248169,0.3248169,10.63399,4.871364,344.2406,W2,C3,righthand,lefthand,0.9,23
2/8/2023 13:45,3,RL,GS2,G,5,11,1.543115,0.3064802,47.01825,0,0.4555916,0.4360649,10.56838,-4.964451,316.0603,W2,C3,righthand,lefthand,0.9,24
2/8/2023 13:45,3,RL,GS2,G,0,11,1.841875,0.3760025,48.86013,0,0.6726154,0.6726154,0.3404097,-0.1452465,343.396,W2,C3,righthand,lefthand,0.9,25
2/8/2023 13:45,3,RL,GS2,G,5,5.5,1.373787,0.5682157,50.23391,0,0.4729242,0.4729242,5.095658,-4.950281,311.9275,W2,C3,righthand,lefthand,0.9,26
2/8/2023 13:45,3,RL,GS2,G,0,5.5,1.938477,0.6574093,52.17239,0,0.3565774,0.3565774,4.922554,4.622476,15.10574,W2,C3,righthand,lefthand,0.7,27
2/8/2023 13:45,3,RL,GS2,G,5,5.5,2.002755,0.6396529,54.17514,0,0.3770323,0.3770323,4.768109,-4.984214,306.1379,W2,C3,righthand,lefthand,0.5,28
2/8/2023 13:45,3,RL,GS2,G,0,11,2.144898,0.4027765,56.32005,0,0.4198449,0.3643577,0.3603059,-0.1877182,350.3936,W2,C3,righthand,lefthand,0.7,29
2/8/2023 13:45,3,RL,GS2,G,5,11,1.960357,0.2650835,58.28044,0,0.3455175,0.3455175,10.16189,-4.970119,316.8056,W2,C3,righthand,lefthand,0.5,30
2/8/2023 13:45,3,RL,GS2,G,0,11,1.5743,0.3875953,59.85475,0,0.3455175,0.3455175,10.94427,4.869271,349.0851,W2,C3,righthand,lefthand,0.7,31
2/8/2023 13:45,3,RL,GS2,G,5,11,1.87832,0.2511359,61.73306,0,0.3455175,0.3455175,10.96569,-4.914613,314.6891,W2,C3,righthand,lefthand,0.9,32
2/8/2023 13:45,3,RL,GS2,G,0,5.5,1.422125,0.6005599,63.15519,0,0.4431506,0.4431506,5.207896,4.650669,13.63212,W2,C3,righthand,lefthand,0.9,33
2/8/2023 13:45,3,RL,GS2,G,5,11,2.045083,0.2929957,65.20029,0,0.3939134,0.3939134,0.4994889,0.1062336,318.9539,W2,C3,righthand,lefthand,0.7,34
2/8/2023 13:45,3,RL,GS2,G,0,5.5,1.423488,0.5718789,66.62379,0,0.3939134,0.3939134,0.2551154,-0.3454577,13.23531,W2,C3,righthand,lefthand,0.9,35
2/8/2023 13:45,3,RL,GS2,G,0,11,2.55852,0.2634319,69.18234,0,0.3939134,0.3939134,10.1674,-0.2246723,347.407,W2,C3,righthand,lefthand,0.7,36
2/8/2023 13:45,3,RL,GS2,G,0,11,1.772214,0.4616414,70.95458,0,0.3939134,0.3939134,10.3137,-0.05841434,334.566,W2,C3,righthand,lefthand,0.5,37
2/8/2023 13:45,3,RL,GS2,G,0,5.5,1.999944,0.2223002,72.95457,0,0.3222671,0.3222671,5.045946,-0.2623485,356.5389,W2,C3,righthand,lefthand,0.5,38
2/8/2023 13:45,3,RL,GS2,G,5,11,2.440644,0.2370225,75.39521,0,0.3222671,0.3222671,10.89606,-4.8174,315.1928,W2,C3,righthand,lefthand,0.7,39
2/8/2023 13:45,3,RL,GS2,G,0,5.5,2.085334,0.8444923,77.48055,0,0.3192651,0.3192651,0.3053909,-0.3928733,21.70036,W2,C3,righthand,lefthand,0.7,40
2/8/2023 13:45,3,RL,GS2,G,0,5.5,1.200466,0.1951859,78.681,0,0.3192651,0.3192651,0.3584237,-0.205148,349.1996,W2,C3,righthand,lefthand,0.9,41
2/8/2023 13:45,3,RL,GS2,G,5,5.5,1.570952,0.5124418,80.25199,0,0.5156165,0.5156165,5.111959,-4.902194,310.2152,W2,C3,righthand,lefthand,0.9,42
2/8/2023 13:45,3,RL,GS2,G,0,11,1.68872,0.4033897,81.94074,0,0.4736731,0.4736731,0.3586029,-0.1767889,348.8289,W2,C3,righthand,lefthand,0.7,43
2/8/2023 13:45,3,RL,GS2,G,5,11,1.862133,0.36205,83.80289,0,0.2188333,0.2188333,10.16701,-4.95831,317.6935,W2,C3,righthand,lefthand,0.5,44
2/8/2023 13:46,3,RL,GS2,G,0,11,1.839922,0.3750306,85.64284,0,0.2849513,0.2849513,0.3525942,-0.1220243,344.0368,W2,C3,righthand,lefthand,0.5,45
2/8/2023 13:46,3,RL,GS2,G,0,5.5,1.417535,0.5985529,87.06041,1,0.2849513,0.2849513,5.084321,-0.2246549,355.4551,W2,C3,righthand,lefthand,0.5,46
2/8/2023 13:46,3,RL,GS2,G,5,5.5,1.897652,0.5164829,88.95807,0,0.2270155,0.2632995,5.176282,-4.894587,313.322,W2,C3,righthand,lefthand,0.5,47
2/8/2023 13:46,3,RL,GS2,G,0,5.5,3.420976,0.8304097,92.37901,1,0.2270155,0.2632995,5.893518,4.671156,19.38624,W2,C3,righthand,lefthand,0.9,48
2/8/2023 13:46,3,RL,GS2,G,0,5.5,1.673217,0.3206017,94.05223,0,0.3518253,0.3518253,4.959932,-0.2089422,345.3197,W2,C3,righthand,lefthand,0.7,49
2/8/2023 13:46,3,RL,GS2,G,5,5.5,1.52943,0.4869438,95.58163,0,0.4048757,0.4048757,5.095634,-4.94734,311.744,W2,C3,righthand,lefthand,0.7,50
2/8/2023 13:46,3,RL,GS2,G,0,5.5,2.79915,0.8219313,98.38078,1,0.4048757,0.4048757,4.925815,4.627304,15.40666,W2,C3,righthand,lefthand,0.5,51
2/8/2023 13:46,3,RL,GS2,G,5,11,1.740094,0.3633218,100.1208,0,0.3576336,0.3708029,0.482397,0.05275249,318.1783,W2,C3,righthand,lefthand,0.7,52
2/8/2023 13:46,3,RL,GS2,G,0,11,1.519156,0.30559,101.64,0,0.2551667,0.2551667,10.31262,4.786144,351.8381,W2,C3,righthand,lefthand,0.5,53
2/8/2023 13:46,3,RL,GS2,G,5,5.5,5.121444,0.5144195,106.7615,0,0.4278178,0.4278178,5.516768,-4.925048,312.2576,W2,C3,righthand,lefthand,0.7,54
