"Timestamp","Participant_id","Technique","Gesture_set","Pointer_type","height","distance","Checkpoint_time","Object_view_time","Total_time","mistake_count","d_from_center","d_from_center_with_spike","combo_index",
"7/27/2022 2:52:59 PM","1","ARM","GS2","G","0","5.5","1.801601","0.01391953","1.801601","7","0.4177794","0.5010258","1"
"7/27/2022 2:53:01 PM","1","ARM","GS2","G","2.5","5.5","1.539521","0.5079314","3.341123","0","0.4989367","10.25762","2"
"7/27/2022 2:53:03 PM","1","ARM","GS2","G","0","5.5","1.718189","1.006768","5.059312","0","0.4539874","0.8224561","3"
"7/27/2022 2:53:05 PM","1","ARM","GS2","G","5","11","2.171865","0.5668964","7.231177","0","0.5027587","9.38683","4"
"7/27/2022 2:53:08 PM","1","ARM","GS2","G","0","11","2.770815","1.072483","10.002","0","0.478901","0.8754463","5"
"7/27/2022 2:53:09 PM","1","ARM","GS2","G","0","5.5","1.350146","0.3066906","11.35214","0","0.4573774","1.310239","6"
"7/27/2022 2:53:11 PM","1","ARM","GS2","G","0","11","1.907849","0.5445545","13.25999","0","0.4694494","1.927137","7"
"7/27/2022 2:53:14 PM","1","ARM","GS2","G","5","5.5","3.424136","0.5438516","16.68413","1","0.4931507","13.43008","8"
"7/27/2022 2:53:18 PM","1","ARM","GS2","G","0","11","3.494979","0.8398972","20.17909","1","0.4425426","1.857626","9"
"7/27/2022 2:53:20 PM","1","ARM","GS2","G","0","5.5","2.004506","1.199126","22.18361","0","0.4356102","1.648021","10"
"7/27/2022 2:53:21 PM","1","ARM","GS2","G","0","5.5","1.740504","0.4176758","23.92412","0","0.4906049","1.407646","11"
"7/27/2022 2:53:23 PM","1","ARM","GS2","G","2.5","5.5","1.447526","0.5288144","25.37165","0","0.4738217","10.05285","12"
"7/27/2022 2:53:25 PM","1","ARM","GS2","G","0","11","1.963199","0.4044157","27.33484","0","0.4737391","2.298019","13"
"7/27/2022 2:53:27 PM","1","ARM","GS2","G","0","11","1.968752","0.7607011","29.3036","0","0.5025547","2.087589","14"
"7/27/2022 2:53:29 PM","1","ARM","GS2","G","2.5","5.5","2.012801","0.8755304","31.3164","0","0.4921334","9.85568","15"
"7/27/2022 2:53:31 PM","1","ARM","GS2","G","0","11","1.907759","0.4233439","33.22416","0","0.4432997","2.095657","16"
"7/27/2022 2:53:33 PM","1","ARM","GS2","G","2.5","11","1.795871","0.1788309","35.02004","0","0.4687678","6.519114","17"
"7/27/2022 2:53:36 PM","1","ARM","GS2","G","0","11","3.397089","0.5639164","38.4171","2","0.4935182","0.4935182","18"
"7/27/2022 2:53:38 PM","1","ARM","GS2","G","5","5.5","1.940254","0.5575392","40.35734","0","0.4611533","12.93123","19"
"7/27/2022 2:53:40 PM","1","ARM","GS2","G","0","5.5","2.297398","1.52028","42.65474","0","0.4992469","0.4992469","20"
"7/27/2022 2:53:43 PM","1","ARM","GS2","G","5","5.5","2.584311","0.9332423","45.23907","0","0.5071452","12.77401","21"
"7/27/2022 2:53:45 PM","1","ARM","GS2","G","0","5.5","1.783506","0.6692996","47.02258","0","0.4267878","0.4844393","22"
"7/27/2022 2:53:47 PM","1","ARM","GS2","G","2.5","11","2.045055","0.4304522","49.06763","0","0.4981436","6.004429","23"
"7/27/2022 2:53:48 PM","1","ARM","GS2","G","0","5.5","1.893825","0.7324271","50.96146","0","0.4956619","0.8289833","24"
"7/27/2022 2:53:51 PM","1","ARM","GS2","G","5","11","2.464807","0.6371281","53.42627","0","0.4526747","8.282428","25"
"7/27/2022 2:53:54 PM","1","ARM","GS2","G","0","11","2.575125","1.240995","56.00137","0","0.4292772","0.4292772","26"
"7/27/2022 2:53:55 PM","1","ARM","GS2","G","0","5.5","1.475065","0.512194","57.47643","0","0.4805218","0.4805218","27"
"7/27/2022 2:53:58 PM","1","ARM","GS2","G","5","11","2.567019","0.6467738","60.04344","0","0.4887894","8.754896","28"
"7/27/2022 2:53:59 PM","1","ARM","GS2","G","0","11","1.889807","0.4127673","61.93325","0","0.4411308","1.205181","29"
"7/27/2022 2:54:05 PM","1","ARM","GS2","G","2.5","11","5.205724","0.1634217","67.13902","3","0.4586856","5.674495","30"
"7/27/2022 2:56:17 PM","1","ARM","GS2","G","0","5.5","1.30866","0.1634217","1.30866","11","0.5060093","0.4357051","1"
"7/27/2022 2:56:19 PM","1","ARM","GS2","G","5","11","1.90727","0.1406918","3.21593","0","0.5059327","0.5059327","2"
"7/27/2022 2:56:21 PM","1","ARM","GS2","G","0","5.5","1.614868","0.9188153","4.8308","0","0.4255255","0.5959504","3"
"7/27/2022 2:56:25 PM","1","ARM","GS2","G","5","5.5","3.92636","0.3188554","8.757162","0","0.468311","0.5054787","4"
"7/27/2022 2:56:27 PM","1","ARM","GS2","G","0","5.5","2.171756","0.7544205","10.92892","0","0.4816093","0.4816093","5"
"7/27/2022 2:56:28 PM","1","ARM","GS2","G","0","5.5","1.36416","0.4181793","12.29308","0","0.5087188","0.5087188","6"
"7/27/2022 2:56:30 PM","1","ARM","GS2","G","2.5","11","1.866203","0.6445497","14.15928","0","0.4616558","0.4616558","7"
"7/27/2022 2:56:33 PM","1","ARM","GS2","G","0","5.5","3.271675","0.7631304","17.43097","2","0.423974","0.423974","8"
"7/27/2022 2:56:35 PM","1","ARM","GS2","G","0","11","2.144612","0.4592015","19.57557","0","0.4247903","0.4902218","9"
"7/27/2022 2:56:37 PM","1","ARM","GS2","G","0","5.5","1.683745","0.9008743","21.25932","0","0.4247903","0.4902218","10"
"7/27/2022 2:56:39 PM","1","ARM","GS2","G","5","5.5","2.199681","0.5130011","23.459","0","0.4686275","12.26192","11"
"7/27/2022 2:56:42 PM","1","ARM","GS2","G","0","11","2.198523","0.3989325","25.65752","0","0.440815","1.386632","12"
"7/27/2022 2:56:43 PM","1","ARM","GS2","G","0","11","1.713824","0.01513088","27.37135","0","0.4158487","2.444983","13"
"7/27/2022 2:56:44 PM","1","ARM","GS2","G","0","5.5","1.08574","0.01432005","28.45708","0","0.4347912","1.489685","14"
"7/27/2022 2:56:46 PM","1","ARM","GS2","G","2.5","5.5","1.600791","0.4310324","30.05787","0","0.4605796","0.49185","15"
"7/27/2022 2:56:48 PM","1","ARM","GS2","G","0","11","2.219266","0.3883967","32.27714","0","0.4921704","0.4921704","16"
"7/27/2022 2:56:53 PM","1","ARM","GS2","G","2.5","11","4.435561","0.5985169","36.71273","1","0.5057161","0.5057161","17"
"7/27/2022 2:56:55 PM","1","ARM","GS2","G","0","11","2.075889","0.6295524","38.78862","0","0.482135","0.482135","18"
"7/27/2022 2:56:59 PM","1","ARM","GS2","G","5","11","4.830186","0.6680486","43.61882","0","0.4551769","8.567738","19"
"7/27/2022 2:57:02 PM","1","ARM","GS2","G","0","11","2.380694","0.9120911","45.99953","0","0.5021456","0.9483738","20"
"7/27/2022 2:57:04 PM","1","ARM","GS2","G","5","5.5","1.698372","0.517127","47.6979","0","0.4750085","13.08253","21"
"7/27/2022 2:57:06 PM","1","ARM","GS2","G","0","5.5","2.312089","1.449826","50.00996","0","0.4871007","0.4468293","22"
"7/27/2022 2:57:08 PM","1","ARM","GS2","G","2.5","5.5","1.725806","0.4808992","51.73577","0","0.5047233","9.566353","23"
"7/27/2022 2:57:10 PM","1","ARM","GS2","G","0","11","2.283277","1.00768","54.01905","0","0.5156214","0.5156214","24"
"7/27/2022 2:57:13 PM","1","ARM","GS2","G","2.5","11","2.795928","0.2615898","56.81498","0","0.4237192","5.801482","25"
"7/27/2022 2:57:14 PM","1","ARM","GS2","G","0","5.5","1.56172","0.6641301","58.37668","0","0.4583829","0.759953","26"
"7/27/2022 2:57:17 PM","1","ARM","GS2","G","5","11","2.636565","0.07557969","61.01324","0","0.4967753","0.4967753","27"
"7/27/2022 2:57:19 PM","1","ARM","GS2","G","0","11","1.782401","0.5020076","62.79564","0","0.4268503","0.4775154","28"
"7/27/2022 2:57:22 PM","1","ARM","GS2","G","0","11","3.565622","0.5172361","66.36126","1","0.4925238","1.161782","29"
"7/27/2022 2:57:24 PM","1","ARM","GS2","G","2.5","5.5","2.239978","1.065871","68.60123","0","0.5061193","9.997066","30"
"7/27/2022 2:57:46 PM","1","ARM","GS2","G","0","5.5","1.656872","1.065871","1.656872","0","0.469351","0.469351","1"
"7/27/2022 2:57:49 PM","1","ARM","GS2","G","5","11","3.11865","0.2092087","4.775522","1","0.4596316","8.337842","2"
"7/27/2022 2:57:51 PM","1","ARM","GS2","G","0","11","1.921168","0.4825129","6.696692","0","0.497345","0.4445383","3"
"7/27/2022 2:57:54 PM","1","ARM","GS2","G","0","11","2.241583","0.4182546","8.938272","0","0.4950455","1.26121","4"
"7/27/2022 2:57:56 PM","1","ARM","GS2","G","2.5","11","2.687384","0.01357026","11.62566","0","0.4876899","5.557012","5"
"7/27/2022 2:57:58 PM","1","ARM","GS2","G","0","11","1.766674","0.6355246","13.39233","0","0.4925935","0.4925935","6"
"7/27/2022 2:57:59 PM","1","ARM","GS2","G","2.5","5.5","1.407268","0.2773122","14.79959","0","0.5107159","0.5107159","7"
"7/27/2022 2:58:02 PM","1","ARM","GS2","G","0","5.5","2.310645","1.034111","17.11025","0","0.5107159","0.5107159","8"
"7/27/2022 2:58:04 PM","1","ARM","GS2","G","5","5.5","2.6454","0.3855993","19.75565","0","0.4753594","12.34715","9"
"7/27/2022 2:58:06 PM","1","ARM","GS2","G","0","11","1.91923","0.6153011","21.67487","0","0.4784868","1.02762","10"
"7/27/2022 2:58:08 PM","1","ARM","GS2","G","2.5","5.5","2.104387","0.9213024","23.77927","0","0.5096341","0.5096341","11"
"7/27/2022 2:58:11 PM","1","ARM","GS2","G","0","5.5","2.437251","0.9053231","26.21651","0","0.4839855","0.4823049","12"
"7/27/2022 2:58:13 PM","1","ARM","GS2","G","0","5.5","1.962705","0.07456776","28.17922","0","0.464732","0.4477899","13"
"7/27/2022 2:58:15 PM","1","ARM","GS2","G","2.5","11","2.714677","1.055533","30.8939","0","0.4551834","5.696283","14"
"7/27/2022 2:58:18 PM","1","ARM","GS2","G","0","11","2.157533","0.6368194","33.05143","0","0.4551551","0.4810289","15"
"7/27/2022 2:58:20 PM","1","ARM","GS2","G","5","11","2.088734","0.5294005","35.14019","0","0.5010999","8.081596","16"
"7/27/2022 2:58:23 PM","1","ARM","GS2","G","0","5.5","2.840029","2.840029","37.98022","0","0.4580162","0.4580162","17"
"7/27/2022 2:58:25 PM","1","ARM","GS2","G","0","11","2.297157","0.3380441","40.27738","0","0.4177182","2.256629","18"
"7/27/2022 2:58:27 PM","1","ARM","GS2","G","5","5.5","1.65413","0.3205015","41.93151","0","0.5108311","12.28417","19"
"7/27/2022 2:58:29 PM","1","ARM","GS2","G","0","5.5","2.745497","1.295096","44.67703","0","0.5073688","0.4936283","20"
"7/27/2022 2:58:31 PM","1","ARM","GS2","G","2.5","11","2.171993","0.6260206","46.84904","0","0.5046565","0.4814271","21"
"7/27/2022 2:58:34 PM","1","ARM","GS2","G","0","5.5","2.088779","1.157028","48.93781","0","0.4378617","0.4609391","22"
"7/27/2022 2:58:36 PM","1","ARM","GS2","G","0","11","1.990106","0.3381025","50.92793","0","0.4990981","1.115445","23"
"7/27/2022 2:58:37 PM","1","ARM","GS2","G","2.5","5.5","1.350906","0.4595781","52.27883","0","0.5025771","8.484606","24"
"7/27/2022 2:58:39 PM","1","ARM","GS2","G","0","11","2.589179","0.4791273","54.86803","0","0.4269702","1.002813","25"
"7/27/2022 2:58:42 PM","1","ARM","GS2","G","5","5.5","2.310798","0.4408271","57.17883","1","0.4703268","0.4703268","26"
"7/27/2022 2:58:44 PM","1","ARM","GS2","G","0","5.5","2.003515","0.8776363","59.18232","0","0.436535","0.5739788","27"
"7/27/2022 2:58:45 PM","1","ARM","GS2","G","0","5.5","1.672024","0.2712022","60.85435","0","0.4714433","0.4714433","28"
"7/27/2022 2:58:47 PM","1","ARM","GS2","G","0","11","1.975583","0.04399766","62.82995","0","0.5007673","0.5007673","29"
"7/27/2022 2:58:51 PM","1","ARM","GS2","G","5","11","3.204187","1.381852","66.03413","0","0.4850479","0.4850479","30"
"7/27/2022 2:59:22 PM","1","WRIST_ARM","GS2","G","0","5.5","1.934469","1.381852","1.934469","0","0.4539017","0.4539017","1"
"7/27/2022 2:59:23 PM","1","WRIST_ARM","GS2","G","2.5","5.5","1.643243","0.1537406","3.577711","0","0.4411294","0.4484785","2"
"7/27/2022 2:59:27 PM","1","WRIST_ARM","GS2","G","0","5.5","3.341271","2.219445","6.91898","0","0.5054148","0.5054148","3"
"7/27/2022 2:59:28 PM","1","WRIST_ARM","GS2","G","0","11","1.615558","0.2225931","8.534539","0","0.476211","0.8593702","4"
"7/27/2022 2:59:30 PM","1","WRIST_ARM","GS2","G","2.5","11","2.114613","0.3070489","10.64915","0","0.504427","5.265687","5"
"7/27/2022 2:59:36 PM","1","WRIST_ARM","GS2","G","0","11","5.541944","0.7044245","16.1911","1","0.4939056","2.284698","6"
"7/27/2022 2:59:37 PM","1","WRIST_ARM","GS2","G","0","5.5","1.547784","0.3558392","17.73888","0","0.4584391","2.173259","7"
"7/27/2022 2:59:40 PM","1","WRIST_ARM","GS2","G","5","5.5","2.322408","0.6242583","20.06129","0","0.469944","0.469944","8"
"7/27/2022 2:59:42 PM","1","WRIST_ARM","GS2","G","0","11","2.200038","0.5748639","22.26132","0","0.5041275","0.5041275","9"
"7/27/2022 2:59:44 PM","1","WRIST_ARM","GS2","G","0","11","1.977055","0.7241984","24.23839","0","0.4831787","1.93362","10"
"7/27/2022 2:59:48 PM","1","WRIST_ARM","GS2","G","2.5","11","4.358015","0.2927368","28.5964","2","0.4767144","5.905833","11"
"7/27/2022 2:59:51 PM","1","WRIST_ARM","GS2","G","0","5.5","2.382503","1.0595","30.97891","0","0.4463154","0.4463154","12"
"7/27/2022 2:59:53 PM","1","WRIST_ARM","GS2","G","5","5.5","2.14188","0.573256","33.12081","0","0.466972","13.04835","13"
"7/27/2022 2:59:55 PM","1","WRIST_ARM","GS2","G","0","5.5","2.637958","1.388093","35.75877","0","0.4705462","0.4705462","14"
"7/27/2022 2:59:57 PM","1","WRIST_ARM","GS2","G","0","11","1.676037","0.111394","37.43479","0","0.501376","0.501376","15"
"7/27/2022 2:59:59 PM","1","WRIST_ARM","GS2","G","0","5.5","1.581677","0.3646149","39.01648","0","0.4459793","0.4459793","16"
"7/27/2022 3:00:00 PM","1","WRIST_ARM","GS2","G","2.5","5.5","1.525051","0.3972518","40.54153","0","0.4715641","9.24594","17"
"7/27/2022 3:00:02 PM","1","WRIST_ARM","GS2","G","0","5.5","1.93511","0.9529177","42.47664","0","0.4972342","0.4972342","18"
"7/27/2022 3:00:05 PM","1","WRIST_ARM","GS2","G","5","11","3.174359","0.2557639","45.65102","0","0.4817305","8.380283","19"
"7/27/2022 3:00:08 PM","1","WRIST_ARM","GS2","G","0","11","2.58953","1.0051","48.24055","0","0.425305","1.118571","20"
"7/27/2022 3:00:11 PM","1","WRIST_ARM","GS2","G","5","11","2.895859","0.2569684","51.13639","1","0.4995785","0.4995785","21"
"7/27/2022 3:00:13 PM","1","WRIST_ARM","GS2","G","0","11","1.840123","0.4951724","52.97651","0","0.4326234","0.4326234","22"
"7/27/2022 3:00:15 PM","1","WRIST_ARM","GS2","G","2.5","11","2.141584","0.7448568","55.11808","0","0.4932793","5.624269","23"
"7/27/2022 3:00:17 PM","1","WRIST_ARM","GS2","G","0","11","1.642932","0.45053","56.76101","0","0.4028259","1.541564","24"
"7/27/2022 3:00:18 PM","1","WRIST_ARM","GS2","G","2.5","5.5","1.280588","0.2225836","58.0416","0","0.4531759","9.760942","25"
"7/27/2022 3:00:21 PM","1","WRIST_ARM","GS2","G","0","11","2.895766","0.9513944","60.93739","0","0.4256117","0.5045902","26"
"7/27/2022 3:00:23 PM","1","WRIST_ARM","GS2","G","5","5.5","1.890924","0.5671133","62.82832","0","0.5110441","12.88811","27"
"7/27/2022 3:00:25 PM","1","WRIST_ARM","GS2","G","0","5.5","2.369632","1.302837","65.19795","0","0.4906397","0.4906397","28"
"7/27/2022 3:00:28 PM","1","WRIST_ARM","GS2","G","0","5.5","2.67249","0.3527755","67.87043","2","0.4545682","0.4545682","29"
"7/27/2022 3:00:30 PM","1","WRIST_ARM","GS2","G","5","11","2.868114","0.5869384","70.73853","0","0.4516079","0.4516079","30"
"7/27/2022 3:00:57 PM","1","WRIST_ARM","GS2","G","0","5.5","1.12804","0.5869384","1.12804","1","0.4938026","0.7893354","1"
"7/27/2022 3:00:59 PM","1","WRIST_ARM","GS2","G","5","5.5","2.439177","0.48515","3.567216","0","0.5013544","0.4908547","2"
"7/27/2022 3:01:01 PM","1","WRIST_ARM","GS2","G","0","5.5","2.044091","0.9160372","5.611306","0","0.4376342","0.4376342","3"
"7/27/2022 3:01:02 PM","1","WRIST_ARM","GS2","G","0","11","1.336352","0.2250335","6.947659","0","0.4279839","1.909448","4"
"7/27/2022 3:01:04 PM","1","WRIST_ARM","GS2","G","0","5.5","1.253257","0.2008778","8.200915","0","0.4380181","1.805422","5"
"7/27/2022 3:01:05 PM","1","WRIST_ARM","GS2","G","5","5.5","1.391398","0.1805922","9.592311","0","0.495389","13.13352","6"
"7/27/2022 3:01:07 PM","1","WRIST_ARM","GS2","G","0","5.5","2.019695","0.6748587","11.612","0","0.4950432","0.4950432","7"
"7/27/2022 3:01:09 PM","1","WRIST_ARM","GS2","G","2.5","11","2.296476","0.4636364","13.90848","0","0.4927301","5.65005","8"
"7/27/2022 3:01:11 PM","1","WRIST_ARM","GS2","G","0","11","2.018901","0.4647969","15.92738","0","0.4090467","1.660496","9"
"7/27/2022 3:01:16 PM","1","WRIST_ARM","GS2","G","0","11","4.635511","0.9717442","20.56289","1","0.4953763","1.184639","10"
"7/27/2022 3:01:18 PM","1","WRIST_ARM","GS2","G","0","11","1.726969","0.1954112","22.28985","0","0.4920627","1.822364","11"
"7/27/2022 3:01:20 PM","1","WRIST_ARM","GS2","G","0","11","2.255388","1.09147","24.54525","0","0.4377946","2.121727","12"
"7/27/2022 3:01:23 PM","1","WRIST_ARM","GS2","G","2.5","11","2.714604","0.5908647","27.25985","0","0.481894","6.201871","13"
"7/27/2022 3:01:25 PM","1","WRIST_ARM","GS2","G","0","11","2.366993","1.057114","29.62684","0","0.4980601","1.648591","14"
"7/27/2022 3:01:27 PM","1","WRIST_ARM","GS2","G","2.5","5.5","1.462237","0.3338055","31.08908","0","0.4423179","9.690462","15"
"7/27/2022 3:01:28 PM","1","WRIST_ARM","GS2","G","0","5.5","1.753336","0.7152735","32.84241","0","0.4663604","1.283066","16"
"7/27/2022 3:01:30 PM","1","WRIST_ARM","GS2","G","0","5.5","1.490131","0.6782568","34.33255","0","0.456854","2.608487","17"
"7/27/2022 3:01:32 PM","1","WRIST_ARM","GS2","G","5","11","2.406906","0.5850356","36.73947","0","0.5019044","8.984645","18"
"7/27/2022 3:01:35 PM","1","WRIST_ARM","GS2","G","0","11","2.521622","0.5864621","39.2611","0","0.4767695","0.4767695","19"
"7/27/2022 3:01:37 PM","1","WRIST_ARM","GS2","G","5","11","2.463968","0.9639604","41.72506","0","0.5014498","0.5014498","20"
"7/27/2022 3:01:39 PM","1","WRIST_ARM","GS2","G","0","5.5","1.865978","1.279872","43.59106","0","0.4794189","0.4794189","21"
"7/27/2022 3:01:41 PM","1","WRIST_ARM","GS2","G","2.5","5.5","1.934836","0.431318","45.52591","0","0.4310878","0.4705295","22"
"7/27/2022 3:01:43 PM","1","WRIST_ARM","GS2","G","0","5.5","2.158004","1.409279","47.6839","0","0.498461","0.498461","23"
"7/27/2022 3:01:45 PM","1","WRIST_ARM","GS2","G","2.5","11","2.306065","0.6886887","49.98996","0","0.4992165","5.98791","24"
"7/27/2022 3:01:47 PM","1","WRIST_ARM","GS2","G","0","5.5","1.633948","0.6026078","51.62391","0","0.4504125","1.193886","25"
"7/27/2022 3:01:48 PM","1","WRIST_ARM","GS2","G","2.5","5.5","1.364937","0.4318113","52.98885","0","0.4845992","0.4845992","26"
"7/27/2022 3:01:50 PM","1","WRIST_ARM","GS2","G","0","11","1.921354","0.4305538","54.9102","0","0.4476649","1.096339","27"
"7/27/2022 3:01:52 PM","1","WRIST_ARM","GS2","G","5","5.5","2.076178","0.7931111","56.98639","0","0.4622861","0.4622861","28"
"7/27/2022 3:01:55 PM","1","WRIST_ARM","GS2","G","0","11","2.684686","0.5610196","59.67108","0","0.4474502","0.9340162","29"
"7/27/2022 3:01:57 PM","1","WRIST_ARM","GS2","G","5","11","2.255605","0.8794225","61.92667","0","0.4792071","0.4792071","30"
"7/27/2022 3:02:25 PM","1","WRIST_ARM","GS2","G","0","11","3.522672","0.8794225","3.522672","2","0.4255212","0.4255212","1"
"7/27/2022 3:02:27 PM","1","WRIST_ARM","GS2","G","2.5","11","1.976737","0.2227892","5.49941","0","0.4439333","5.782032","2"
"7/27/2022 3:02:28 PM","1","WRIST_ARM","GS2","G","0","5.5","1.419701","0.7007833","6.919111","0","0.4514495","0.4514495","3"
"7/27/2022 3:02:32 PM","1","WRIST_ARM","GS2","G","5","11","4.121079","0.7958377","11.04019","1","0.4831178","8.889128","4"
"7/27/2022 3:02:35 PM","1","WRIST_ARM","GS2","G","0","11","2.241611","0.5301966","13.2818","0","0.4428163","0.4428163","5"
"7/27/2022 3:02:36 PM","1","WRIST_ARM","GS2","G","0","5.5","1.463384","0.2851299","14.74518","0","0.4535928","0.4535928","6"
"7/27/2022 3:02:40 PM","1","WRIST_ARM","GS2","G","5","11","3.994622","0.5555721","18.73981","1","0.4624302","7.180562","7"
"7/27/2022 3:02:42 PM","1","WRIST_ARM","GS2","G","0","11","2.101966","0.7324667","20.84177","0","0.5048058","1.432985","8"
"7/27/2022 3:02:44 PM","1","WRIST_ARM","GS2","G","2.5","5.5","1.795561","0.6720089","22.63732","0","0.4907266","7.688942","9"
"7/27/2022 3:02:46 PM","1","WRIST_ARM","GS2","G","0","11","1.92192","0.5328646","24.55923","0","0.4750114","0.4750114","10"
"7/27/2022 3:02:48 PM","1","WRIST_ARM","GS2","G","2.5","11","2.185415","0.5562074","26.74466","0","0.5041223","0.5041223","11"
"7/27/2022 3:02:50 PM","1","WRIST_ARM","GS2","G","0","5.5","2.255378","1.364085","29.00004","0","0.4497965","0.9096681","12"
"7/27/2022 3:02:56 PM","1","WRIST_ARM","GS2","G","5","5.5","5.262747","0.7663037","34.26279","3","0.5050933","9.467624","13"
"7/27/2022 3:02:58 PM","1","WRIST_ARM","GS2","G","0","11","2.359518","0.790267","36.62228","0","0.4653517","0.488137","14"
"7/27/2022 3:03:00 PM","1","WRIST_ARM","GS2","G","5","11","2.262485","0.2025789","38.88475","0","0.4465041","8.469149","15"
"7/27/2022 3:03:02 PM","1","WRIST_ARM","GS2","G","0","11","1.82407","0.5967503","40.70881","0","0.5080193","0.5080193","16"
"7/27/2022 3:03:04 PM","1","WRIST_ARM","GS2","G","0","11","2.04624","0.4034094","42.75506","0","0.453137","2.627811","17"
"7/27/2022 3:03:06 PM","1","WRIST_ARM","GS2","G","2.5","5.5","1.866501","0.3045329","44.62157","1","0.510416","0.510416","18"
"7/27/2022 3:03:08 PM","1","WRIST_ARM","GS2","G","0","5.5","1.697726","0.6696899","46.31929","0","0.489925","0.4689329","19"
"7/27/2022 3:03:10 PM","1","WRIST_ARM","GS2","G","5","5.5","1.935424","0.5454412","48.25473","0","0.4574243","13.3432","20"
"7/27/2022 3:03:12 PM","1","WRIST_ARM","GS2","G","0","5.5","2.140976","0.9966071","50.39571","0","0.4843914","0.4399762","21"
"7/27/2022 3:03:14 PM","1","WRIST_ARM","GS2","G","5","5.5","2.06326","0.3093216","52.45898","0","0.4627738","0.4627738","22"
"7/27/2022 3:03:16 PM","1","WRIST_ARM","GS2","G","0","5.5","2.032809","0.6508519","54.49179","0","0.4872479","0.4872479","23"
"7/27/2022 3:03:18 PM","1","WRIST_ARM","GS2","G","2.5","11","2.10224","0.4183539","56.594","0","0.4830493","6.662564","24"
"7/27/2022 3:03:20 PM","1","WRIST_ARM","GS2","G","0","11","2.450361","0.6326866","59.04434","0","0.506568","1.735654","25"
"7/27/2022 3:03:23 PM","1","WRIST_ARM","GS2","G","0","11","2.255753","1.050089","61.30011","0","0.4446414","2.402731","26"
"7/27/2022 3:03:25 PM","1","WRIST_ARM","GS2","G","0","5.5","1.84418","0.6259818","63.14428","0","0.4769087","0.4769087","27"
"7/27/2022 3:03:28 PM","1","WRIST_ARM","GS2","G","0","5.5","3.501611","0.502669","66.64584","1","0.4881819","2.946781","28"
"7/27/2022 3:03:29 PM","1","WRIST_ARM","GS2","G","0","5.5","1.434222","0.08368281","68.08004","0","0.4815593","1.767284","29"
"7/27/2022 3:03:31 PM","1","WRIST_ARM","GS2","G","2.5","5.5","2.032236","0.8768939","70.11227","0","0.460125","9.968954","30"
"7/27/2022 4:19:16 PM","1","WRIST_ARM","GS2","G","0","11","2.84211","0.3405692","2.84211","0","0.4258988","10.29468","1"
"7/27/2022 4:19:18 PM","1","WRIST_ARM","GS2","G","0","5.5","2.511231","0.9739007","5.35334","0","0.5004951","3.710996","2"
"7/27/2022 4:19:23 PM","1","WRIST_ARM","GS2","G","5","11","5.126886","1.022251","10.48023","0","0.4915437","8.024602","3"
"7/27/2022 4:19:27 PM","1","WRIST_ARM","GS2","G","0","11","3.765186","0.8730717","14.24541","0","0.493433","5.897487","4"
"7/27/2022 4:20:11 PM","1","WRIST_ARM","GS2","G","5","11","43.79083","0.7227748","58.03625","8","0.4862148","10.95041","5"
"7/27/2022 4:20:14 PM","1","WRIST_ARM","GS2","G","0","11","2.602566","0.9738389","60.63882","0","0.4300345","0.459861","6"
"7/27/2022 4:20:19 PM","1","WRIST_ARM","GS2","G","5","5.5","5.519906","0.7830136","66.15871","1","0.5010706","7.801357","7"
"7/27/2022 4:20:22 PM","1","WRIST_ARM","GS2","G","0","5.5","2.473597","1.683524","68.63233","0","0.4799541","2.228456","8"
"7/27/2022 4:20:28 PM","1","WRIST_ARM","GS2","G","5","5.5","6.26737","1.4353","74.89974","1","0.5004553","12.01446","9"
"7/27/2022 4:20:32 PM","1","WRIST_ARM","GS2","G","0","11","4.335629","0.8273983","79.2354","1","0.4440026","2.968199","10"
"7/27/2022 4:20:35 PM","1","WRIST_ARM","GS2","G","0","11","3.206021","1.065043","82.44141","0","0.478234","5.482636","11"
"7/27/2022 4:20:38 PM","1","WRIST_ARM","GS2","G","5","11","2.578938","1.062462","85.02037","0","0.5058679","0.5058679","12"
"7/27/2022 4:20:42 PM","1","WRIST_ARM","GS2","G","0","11","3.730027","0.5702968","88.75038","0","0.4903268","6.769884","13"
"7/27/2022 4:20:49 PM","1","WRIST_ARM","GS2","G","0","5.5","7.386177","0.883276","96.13652","4","0.4576648","1.794521","14"
"7/27/2022 4:20:54 PM","1","WRIST_ARM","GS2","G","5","5.5","4.83613","1.078692","100.9727","1","0.4978442","8.53324","15"
"7/27/2022 4:20:59 PM","1","WRIST_ARM","GS2","G","0","11","5.126837","0.8221218","106.0995","2","0.3993519","0.3993519","16"
"7/27/2022 4:21:12 PM","1","WRIST_ARM","GS2","G","0","11","12.68263","0.6429014","118.7822","6","0.4547487","0.4547487","17"
"7/27/2022 4:21:14 PM","1","WRIST_ARM","GS2","G","2.5","5.5","2.72874","0.5323787","121.5109","1","0.4918421","7.888033","18"
"7/27/2022 4:21:16 PM","1","WRIST_ARM","GS2","G","0","11","1.981947","0.381209","123.4928","1","0.4692091","2.896907","19"
"7/27/2022 4:21:18 PM","1","WRIST_ARM","GS2","G","2.5","5.5","1.457387","0.01399391","124.9502","0","0.4389756","5.026735","20"
"7/27/2022 4:21:21 PM","1","WRIST_ARM","GS2","G","0","5.5","2.90836","0.8105701","127.8586","2","0.4945849","2.323957","21"
"7/27/2022 4:21:24 PM","1","WRIST_ARM","GS2","G","2.5","11","3.395506","0.6825256","131.2542","1","0.4946403","0.4946403","22"
"7/27/2022 4:21:32 PM","1","WRIST_ARM","GS2","G","0","5.5","7.402503","0.6567962","138.6567","5","0.4981853","1.437502","23"
"7/27/2022 4:21:35 PM","1","WRIST_ARM","GS2","G","2.5","11","3.375399","0.6334564","142.0321","0","0.4500586","4.935012","24"
"7/27/2022 4:21:38 PM","1","WRIST_ARM","GS2","G","0","11","3.508659","0.7864873","145.5408","0","0.4690957","2.277903","25"
"7/27/2022 4:21:41 PM","1","WRIST_ARM","GS2","G","2.5","5.5","2.158651","1.390906","147.6994","0","0.464761","4.511658","26"
"7/27/2022 4:21:44 PM","1","WRIST_ARM","GS2","G","0","5.5","3.29969","0.728905","150.9992","1","0.4699875","0.4699875","27"
"7/27/2022 4:21:47 PM","1","WRIST_ARM","GS2","G","5","11","2.798524","1.202434","153.7978","0","0.4922223","8.280094","28"
"7/27/2022 4:21:52 PM","1","WRIST_ARM","GS2","G","0","5.5","4.799941","4.799941","158.5978","1","0.4421378","4.728825","29"
"7/27/2022 4:21:55 PM","1","WRIST_ARM","GS2","G","2.5","11","2.995852","1.323523","161.5937","0","0.4834625","7.441892","30"
"7/27/2022 5:06:37 PM","1","WRIST_ARM","GS2","G","0","11","3.435046","0.3455799","3.435046","1","0.4788591","0.8341174","1"
"7/27/2022 5:06:39 PM","1","WRIST_ARM","GS2","G","2.5","11","1.726999","0.3837835","5.162046","0","0.5132352","0.4452256","2"
"7/27/2022 5:06:41 PM","1","WRIST_ARM","GS2","G","0","5.5","2.296673","0.8070586","7.458717","0","0.4444779","0.4444779","3"
"7/27/2022 5:06:43 PM","1","WRIST_ARM","GS2","G","0","5.5","1.420095","0.3202932","8.878809","0","0.4846549","0.4846549","4"
"7/27/2022 5:06:46 PM","1","WRIST_ARM","GS2","G","0","11","2.840145","1.069055","11.71895","0","0.4704461","0.4360599","5"
"7/27/2022 5:06:49 PM","1","WRIST_ARM","GS2","G","5","5.5","3.382814","2.10285","15.10177","0","0.4747132","0.4747132","6"
"7/27/2022 5:06:54 PM","1","WRIST_ARM","GS2","G","0","11","4.636342","0.3502605","19.73811","1","0.4561498","0.4561498","7"
"7/27/2022 5:06:55 PM","1","WRIST_ARM","GS2","G","2.5","5.5","1.253407","0.1999611","20.99151","0","0.441098","0.441098","8"
"7/27/2022 5:06:58 PM","1","WRIST_ARM","GS2","G","0","11","2.700803","0.8917597","23.69232","0","0.5165699","0.4986232","9"
"7/27/2022 5:07:00 PM","1","WRIST_ARM","GS2","G","0","5.5","2.047512","0.6033137","25.73982","0","0.4508391","0.4508391","10"
"7/27/2022 5:07:03 PM","1","WRIST_ARM","GS2","G","5","5.5","2.783434","0.7168727","28.52325","1","0.4839358","0.4839358","11"
"7/27/2022 5:07:05 PM","1","WRIST_ARM","GS2","G","0","5.5","2.158481","2.158481","30.68173","0","0.421169","0.421169","12"
"7/27/2022 5:07:07 PM","1","WRIST_ARM","GS2","G","2.5","11","2.074238","0.4327087","32.75597","0","0.4989056","0.4989056","13"
"7/27/2022 5:07:09 PM","1","WRIST_ARM","GS2","G","0","5.5","1.712068","0.9734389","34.46802","0","0.4278962","0.4278962","14"
"7/27/2022 5:07:11 PM","1","WRIST_ARM","GS2","G","5","11","2.547673","0.3254119","37.01568","0","0.4745284","0.4745284","15"
"7/27/2022 5:07:13 PM","1","WRIST_ARM","GS2","G","0","11","2.061861","0.8848574","39.07754","0","0.4764905","0.4764905","16"
"7/27/2022 5:07:15 PM","1","WRIST_ARM","GS2","G","2.5","5.5","2.324057","0.6721178","41.40162","0","0.4947305","0.4947305","17"
"7/27/2022 5:07:17 PM","1","WRIST_ARM","GS2","G","0","11","1.712041","0.4285257","43.11366","0","0.5005342","0.5005342","18"
"7/27/2022 5:07:20 PM","1","WRIST_ARM","GS2","G","0","5.5","3.088236","1.072002","46.20188","0","0.4944337","0.4944337","19"
"7/27/2022 5:07:23 PM","1","WRIST_ARM","GS2","G","5","11","2.717896","0.5430763","48.91978","0","0.5022572","0.5022572","20"
"7/27/2022 5:07:27 PM","1","WRIST_ARM","GS2","G","0","11","4.191802","1.222889","53.11159","0","0.4845094","0.4845094","21"
"7/27/2022 5:07:30 PM","1","WRIST_ARM","GS2","G","2.5","11","2.64337","0.6122351","55.75497","0","0.4479416","0.4479416","22"
"7/27/2022 5:07:32 PM","1","WRIST_ARM","GS2","G","0","5.5","1.725039","0.7662414","57.48001","0","0.5014753","0.5014753","23"
"7/27/2022 5:07:36 PM","1","WRIST_ARM","GS2","G","2.5","5.5","4.855259","0.4330192","62.33525","2","0.4873695","8.299893","24"
"7/27/2022 5:07:46 PM","1","WRIST_ARM","GS2","G","0","11","9.184779","0.9214635","71.51999","4","0.5067055","3.190329","25"
"7/27/2022 5:07:48 PM","1","WRIST_ARM","GS2","G","5","5.5","2.459298","1.123202","73.9793","0","0.5035406","0.5035406","26"
"7/27/2022 5:07:50 PM","1","WRIST_ARM","GS2","G","0","5.5","2.198192","1.355072","76.17748","0","0.4594879","3.727601","27"
"7/27/2022 5:07:56 PM","1","WRIST_ARM","GS2","G","0","11","5.626244","0.6943893","81.80376","3","0.5021782","2.085355","28"
"7/27/2022 5:08:02 PM","1","WRIST_ARM","GS2","G","0","5.5","6.655254","0.7700351","88.45894","6","0.4687463","0.5025657","29"
"7/27/2022 5:08:09 PM","1","WRIST_ARM","GS2","G","5","11","6.919079","0.7500715","95.37799","2","0.4958816","0.4958816","30"
"7/27/2022 5:08:32 PM","1","WRIST_ARM","GS2","G","0","5.5","2.501897","0.7500715","2.501897","5","0.4637896","1.664077","1"
"7/27/2022 5:08:35 PM","1","WRIST_ARM","GS2","G","5","11","3.700018","1.43092","6.201916","1","0.4876534","8.357107","2"
"7/27/2022 5:08:38 PM","1","WRIST_ARM","GS2","G","0","5.5","2.979521","0.6258775","9.181434","1","0.5111177","0.8450392","3"
"7/27/2022 5:08:43 PM","1","WRIST_ARM","GS2","G","0","11","5.038057","0.4598488","14.21949","2","0.4343379","1.006667","4"
"7/27/2022 5:08:48 PM","1","WRIST_ARM","GS2","G","0","11","4.457449","0.6413913","18.67694","1","0.502205","0.502205","5"
"7/27/2022 5:08:56 PM","1","WRIST_ARM","GS2","G","2.5","11","8.742529","0.6700961","27.41947","6","0.5025467","0.5025467","6"
"7/27/2022 5:09:02 PM","1","WRIST_ARM","GS2","G","0","5.5","5.386272","0.7624084","32.80574","3","0.4585397","1.066188","7"
"7/27/2022 5:09:07 PM","1","WRIST_ARM","GS2","G","2.5","5.5","5.152657","0.8007473","37.95842","3","0.4529218","0.4529218","8"
"7/27/2022 5:09:09 PM","1","WRIST_ARM","GS2","G","0","5.5","2.060933","0.4320275","40.01934","0","0.4905524","0.9145297","9"
"7/27/2022 5:09:12 PM","1","WRIST_ARM","GS2","G","2.5","11","3.382711","1.12602","43.40206","1","0.500515","5.201546","10"
"7/27/2022 5:09:15 PM","1","WRIST_ARM","GS2","G","0","5.5","2.63142","0.532533","46.03349","1","0.5143604","1.059654","11"
"7/27/2022 5:09:20 PM","1","WRIST_ARM","GS2","G","0","11","4.66402","0.5568631","50.6975","3","0.4932285","0.4932285","12"
"7/27/2022 5:09:24 PM","1","WRIST_ARM","GS2","G","2.5","11","4.441576","0.5150718","55.13907","0","0.4463765","0.5001164","13"
"7/27/2022 5:09:27 PM","1","WRIST_ARM","GS2","G","0","11","2.798004","0.8900773","57.93707","0","0.4544356","0.4544356","14"
"7/27/2022 5:09:29 PM","1","WRIST_ARM","GS2","G","0","5.5","1.796006","0.35992","59.73309","1","0.473303","0.473303","15"
"7/27/2022 5:09:36 PM","1","WRIST_ARM","GS2","G","5","11","7.003077","0.8911037","66.73621","1","0.4459091","0.4459091","16"
"7/27/2022 5:09:39 PM","1","WRIST_ARM","GS2","G","0","11","3.577849","1.137779","70.31401","0","0.4921584","1.41273","17"
"7/27/2022 5:09:43 PM","1","WRIST_ARM","GS2","G","5","5.5","3.439062","0.729706","73.75305","1","0.5090328","13.20995","18"
"7/27/2022 5:09:49 PM","1","WRIST_ARM","GS2","G","0","5.5","6.154546","0.9612585","79.90763","1","0.432768","2.669443","19"
"7/27/2022 5:09:53 PM","1","WRIST_ARM","GS2","G","5","11","3.743942","0.6451502","83.65157","1","0.4882281","0.4882281","20"
"7/27/2022 5:09:56 PM","1","WRIST_ARM","GS2","G","0","11","3.008076","0.4790567","86.65961","1","0.5031644","0.5031644","21"
"7/27/2022 5:09:58 PM","1","WRIST_ARM","GS2","G","5","5.5","2.435475","0.6261075","89.09506","0","0.4684873","0.4684873","22"
"7/27/2022 5:10:07 PM","1","WRIST_ARM","GS2","G","0","5.5","8.406195","0.8533778","97.50117","3","0.4652209","0.4652209","23"
"7/27/2022 5:10:14 PM","1","WRIST_ARM","GS2","G","0","11","7.493122","0.8020316","104.9943","5","0.4985493","0.4985493","24"
"7/27/2022 5:10:19 PM","1","WRIST_ARM","GS2","G","0","11","5.402201","0.8493459","110.3964","1","0.4695612","0.5980858","25"
"7/27/2022 5:45:35 PM","2","ARM","GS2","G","0","5.5","2.387571","1.872362","20.77931","0","0.4633927","0.4633927","9"
"7/27/2022 5:45:37 PM","2","ARM","GS2","G","2.5","5.5","2.061257","0.5437062","22.84057","0","0.4285368","0.4285368","10"
"7/27/2022 5:45:39 PM","2","ARM","GS2","G","0","5.5","2.339234","1.176054","25.17981","0","0.5012652","0.5012652","11"
"7/27/2022 5:45:42 PM","2","ARM","GS2","G","2.5","11","3.11841","1.039801","28.29823","0","0.4967885","0.4967885","12"
"7/27/2022 5:45:44 PM","2","ARM","GS2","G","0","5.5","2.074462","1.284234","30.37268","0","0.4936172","0.4461957","13"
"7/27/2022 5:45:47 PM","2","ARM","GS2","G","0","5.5","2.687046","1.251228","33.05972","0","0.4225428","0.4225428","14"
"7/27/2022 5:45:51 PM","2","ARM","GS2","G","2.5","11","4.072673","0.8889853","37.1324","1","0.5112945","5.371561","15"
"7/27/2022 5:45:54 PM","2","ARM","GS2","G","0","11","2.442704","0.8655798","39.5751","0","0.4550255","0.4550255","16"
"7/27/2022 5:45:56 PM","2","ARM","GS2","G","0","11","2.046936","0.5432924","41.62202","0","0.4550255","0.4550255","17"
"7/27/2022 5:45:58 PM","2","ARM","GS2","G","2.5","11","2.450187","0.7669451","44.0722","0","0.506458","4.958972","18"
"7/27/2022 5:46:00 PM","2","ARM","GS2","G","0","11","1.907237","0.6810108","45.97944","0","0.4357692","0.4357692","19"
"7/27/2022 5:46:03 PM","2","ARM","GS2","G","5","5.5","2.603217","1.017486","48.58266","0","0.4562367","0.4562367","20"
"7/27/2022 5:46:05 PM","2","ARM","GS2","G","0","5.5","2.255669","2.255669","50.83834","1","0.4838046","0.4838046","21"
"7/27/2022 5:46:07 PM","2","ARM","GS2","G","2.5","5.5","1.976653","0.6164702","52.81498","0","0.4803967","0.4803967","22"
"7/27/2022 5:46:09 PM","2","ARM","GS2","G","0","5.5","1.921395","1.12863","54.73638","0","0.4538412","0.4538412","23"
"7/27/2022 5:46:13 PM","2","ARM","GS2","G","5","11","4.343966","0.9985797","59.0804","1","0.4844799","0.4844799","24"
"7/27/2022 5:46:17 PM","2","ARM","GS2","G","0","11","3.876849","1.240765","62.95726","1","0.4417126","0.4417126","25"
"7/27/2022 5:46:20 PM","2","ARM","GS2","G","5","5.5","2.486041","0.7828716","65.44332","1","0.5073612","0.5073612","26"
"7/27/2022 5:46:22 PM","2","ARM","GS2","G","0","5.5","2.227962","2.227962","67.6713","1","0.4391296","0.4391296","27"
"7/27/2022 5:46:25 PM","2","ARM","GS2","G","0","11","2.812441","0.9323743","70.48374","0","0.482259","0.482259","28"
"7/27/2022 5:46:27 PM","2","ARM","GS2","G","0","11","2.449266","0.8765795","72.93301","0","0.4456316","0.4456316","29"
"7/27/2022 5:46:29 PM","2","ARM","GS2","G","2.5","5.5","2.088307","0.6600555","75.02135","0","0.4456316","0.4456316","30"
"7/27/2022 5:46:47 PM","2","ARM","GS2","G","0","11","2.116247","0.6600555","2.116247","0","0.4791457","0.4791457","1"
"7/27/2022 5:46:49 PM","2","ARM","GS2","G","5","11","2.381987","1.031374","4.498234","0","0.4732514","0.4732514","2"
"7/27/2022 5:46:53 PM","2","ARM","GS2","G","0","11","3.660957","1.09597","8.159192","1","0.4583453","0.489687","3"
"7/27/2022 5:46:58 PM","2","ARM","GS2","G","5","5.5","4.760785","0.981267","12.91998","0","0.5031675","0.5031675","4"
"7/27/2022 5:47:00 PM","2","ARM","GS2","G","0","11","2.520302","0.7720189","15.44027","0","0.4560961","0.4560961","5"
"7/27/2022 5:47:03 PM","2","ARM","GS2","G","2.5","11","2.519629","0.4455463","17.9599","0","0.496624","0.4842931","6"
"7/27/2022 5:47:04 PM","2","ARM","GS2","G","0","5.5","1.461754","0.9733502","19.42166","0","0.4829982","0.4829982","7"
"7/27/2022 5:47:08 PM","2","ARM","GS2","G","5","11","3.495372","0.688421","22.91703","1","0.483546","0.483546","8"
"7/27/2022 5:47:10 PM","2","ARM","GS2","G","0","11","2.700177","0.8571401","25.61722","1","0.402362","0.402362","9"
"7/27/2022 5:47:14 PM","2","ARM","GS2","G","5","5.5","3.424552","0.6797079","29.04177","0","0.5050237","0.5050237","10"
"7/27/2022 5:47:16 PM","2","ARM","GS2","G","0","5.5","2.436638","2.436638","31.4784","0","0.473798","0.473798","11"
"7/27/2022 5:47:18 PM","2","ARM","GS2","G","0","5.5","1.991108","1.991108","33.46951","0","0.4692178","0.4692178","12"
"7/27/2022 5:47:22 PM","2","ARM","GS2","G","0","11","3.731025","0.8662928","37.20053","0","0.4928423","0.4928423","13"
"7/27/2022 5:47:25 PM","2","ARM","GS2","G","5","5.5","2.839879","0.715725","40.04042","0","0.5124531","0.515393","14"
"7/27/2022 5:47:27 PM","2","ARM","GS2","G","0","5.5","2.520294","2.520294","42.56071","1","0.4809976","0.4809976","15"
"7/27/2022 5:47:29 PM","2","ARM","GS2","G","0","11","1.935701","0.5720114","44.49642","1","0.5139021","0.4611186","16"
"7/27/2022 5:47:32 PM","2","ARM","GS2","G","0","11","2.394017","0.5411225","46.89043","0","0.4748166","0.4748166","17"
"7/27/2022 5:47:33 PM","2","ARM","GS2","G","2.5","5.5","1.559229","0.6033811","48.44964","0","0.4813044","0.4813044","18"
"7/27/2022 5:47:36 PM","2","ARM","GS2","G","0","5.5","2.659361","0.6332354","51.10898","1","0.4928117","0.4928117","19"
"7/27/2022 5:47:38 PM","2","ARM","GS2","G","2.5","5.5","1.90698","0.8001124","53.01597","0","0.5074561","0.5074561","20"
"7/27/2022 5:47:40 PM","2","ARM","GS2","G","0","5.5","1.86573","1.86573","54.88168","0","0.4466906","0.4466906","21"
"7/27/2022 5:47:42 PM","2","ARM","GS2","G","0","5.5","2.297308","1.294294","57.179","0","0.4361147","0.4361147","22"
"7/27/2022 5:47:44 PM","2","ARM","GS2","G","0","11","2.520044","0.7948513","59.69905","0","0.4615033","0.4615033","23"
"7/27/2022 5:47:47 PM","2","ARM","GS2","G","2.5","11","2.380428","0.614099","62.07946","0","0.4750467","0.4750467","24"
"7/27/2022 5:47:50 PM","2","ARM","GS2","G","0","5.5","3.062976","1.1092","65.14246","1","0.4563988","0.4563988","25"
"7/27/2022 5:47:52 PM","2","ARM","GS2","G","2.5","5.5","2.130688","1.177237","67.27319","0","0.4620439","0.4541107","26"
"7/27/2022 5:47:54 PM","2","ARM","GS2","G","0","11","2.324543","0.766222","69.59771","0","0.4292127","0.4292127","27"
"7/27/2022 5:47:57 PM","2","ARM","GS2","G","5","11","2.464408","0.8739791","72.06211","0","0.4861566","0.4861566","28"
"7/27/2022 5:47:59 PM","2","ARM","GS2","G","0","5.5","2.53367","2.53367","74.59585","0","0.473479","0.473479","29"
"7/27/2022 5:48:02 PM","2","ARM","GS2","G","2.5","11","2.56171","0.575389","77.15759","0","0.4961088","0.4961088","30"
"7/27/2022 5:48:28 PM","2","WRIST_ARM","GS2","G","0","11","1.837133","0.575389","1.837133","1","0.4528404","0.4528404","1"
"7/27/2022 5:48:30 PM","2","WRIST_ARM","GS2","G","0","11","1.907267","0.0138438","3.744398","0","0.4578323","0.4578323","2"
"7/27/2022 5:48:33 PM","2","WRIST_ARM","GS2","G","5","5.5","2.770223","0.9330611","6.514621","0","0.4610535","0.4610535","3"
"7/27/2022 5:48:36 PM","2","WRIST_ARM","GS2","G","0","5.5","2.826576","2.826576","9.341196","0","0.4851436","0.5131164","4"
"7/27/2022 5:48:38 PM","2","WRIST_ARM","GS2","G","5","11","2.380601","0.542241","11.72179","0","0.4703594","0.4703594","5"
"7/27/2022 5:48:40 PM","2","WRIST_ARM","GS2","G","0","11","2.200206","0.8975998","13.922","0","0.4887227","0.4887227","6"
"7/27/2022 5:48:43 PM","2","WRIST_ARM","GS2","G","5","11","2.992611","0.5222126","16.91461","0","0.4588593","0.4588593","7"
"7/27/2022 5:48:47 PM","2","WRIST_ARM","GS2","G","0","11","3.160596","0.803963","20.07521","1","0.4952913","0.4952913","8"
"7/27/2022 5:48:48 PM","2","WRIST_ARM","GS2","G","0","5.5","1.810133","0.6470777","21.88535","0","0.4383159","0.4383159","9"
"7/27/2022 5:48:51 PM","2","WRIST_ARM","GS2","G","2.5","5.5","3.014608","0.8560913","24.89996","1","0.4889666","0.4889666","10"
"7/27/2022 5:48:55 PM","2","WRIST_ARM","GS2","G","0","11","3.452312","0.7468367","28.35228","1","0.5054117","0.4590167","11"
"7/27/2022 5:48:58 PM","2","WRIST_ARM","GS2","G","0","11","3.272583","0.8128397","31.62486","0","0.4816419","0.4816419","12"
"7/27/2022 5:49:00 PM","2","WRIST_ARM","GS2","G","2.5","11","2.373243","0.5481073","33.9981","0","0.5030172","0.4668947","13"
"7/27/2022 5:49:03 PM","2","WRIST_ARM","GS2","G","0","11","2.296336","1.028183","36.29445","0","0.4640578","0.4640578","14"
"7/27/2022 5:49:07 PM","2","WRIST_ARM","GS2","G","5","11","4.246802","1.188893","40.54128","1","0.4906255","0.4906255","15"
"7/27/2022 5:49:11 PM","2","WRIST_ARM","GS2","G","0","11","3.842522","1.291107","44.3838","1","0.4374904","0.4374904","16"
"7/27/2022 5:49:15 PM","2","WRIST_ARM","GS2","G","2.5","11","3.717556","1.181309","48.10136","1","0.4996441","0.4261601","17"
"7/27/2022 5:49:17 PM","2","WRIST_ARM","GS2","G","0","11","2.881346","1.111758","50.98269","0","0.4811156","0.4811156","18"
"7/27/2022 5:49:20 PM","2","WRIST_ARM","GS2","G","2.5","5.5","2.130184","0.7938702","53.11287","0","0.4522265","0.4522265","19"
"7/27/2022 5:49:23 PM","2","WRIST_ARM","GS2","G","0","5.5","3.167412","1.037224","56.28028","1","0.4315491","0.4315491","20"
"7/27/2022 5:49:24 PM","2","WRIST_ARM","GS2","G","0","5.5","1.475127","0.6641516","57.7554","0","0.4100549","0.4100549","21"
"7/27/2022 5:49:26 PM","2","WRIST_ARM","GS2","G","5","5.5","2.304638","0.5953904","60.06004","0","0.4805205","0.4805205","22"
"7/27/2022 5:49:29 PM","2","WRIST_ARM","GS2","G","0","5.5","2.158604","1.741335","62.21863","0","0.4745538","0.4745538","23"
"7/27/2022 5:49:31 PM","2","WRIST_ARM","GS2","G","0","5.5","1.865004","0.7243588","64.08366","0","0.5089593","0.5089593","24"
"7/27/2022 5:49:35 PM","2","WRIST_ARM","GS2","G","2.5","11","4.379058","0.5154281","68.4627","1","0.4928061","0.4928061","25"
"7/27/2022 5:49:37 PM","2","WRIST_ARM","GS2","G","0","5.5","2.192612","0.9646349","70.6553","0","0.4685188","0.4685188","26"
"7/27/2022 5:49:39 PM","2","WRIST_ARM","GS2","G","0","5.5","2.101865","0.9808544","72.75713","0","0.4560818","0.4560818","27"
"7/27/2022 5:49:41 PM","2","WRIST_ARM","GS2","G","2.5","5.5","2.283513","1.273862","75.04066","0","0.4807205","0.4807205","28"
"7/27/2022 5:49:45 PM","2","WRIST_ARM","GS2","G","0","5.5","3.16107","1.085865","78.20178","1","0.4975905","0.4975905","29"
"7/27/2022 5:49:47 PM","2","WRIST_ARM","GS2","G","5","5.5","2.560659","0.9242904","80.76243","0","0.5046852","0.5046852","30"
